url,domain,title,language,status_code,source,category,notes,checked_at
https://100berhemenkurdi.com/,100berhemenkurdi.com,100berhemenkurdi.com – 100 Berhemên Kurdî,"KMR, EN",200,cultural,cultural,100 Kurdish works,2026-02-12T14:53:19Z
https://123b.krd,123b.krd,,UNK,403,common_crawl,general,,2026-02-12 15:05:29
https://24.krd,24.krd,Kurdistan24 - کوردستان 24,CKB,200,common_crawl,general,,2026-02-12 15:05:29
https://78win.krd,78win.krd,78WIN ⭐️ 78WIN.COM - Link Vào Chuẩn Nhà Cái +77K T/2 2026,UNK,200,common_crawl,general,,2026-02-12 15:05:29
https://8day.krd,8day.krd,8Day - Trang 8day.com Chính Thức 2026 - Cá Cược Thể Thao #1,KMR,200,common_crawl,general,SSL warning,2026-02-12 15:05:29
https://8th.cabinet.gov.krd,8th.cabinet.gov.krd,حکومەتی هەرێمی كوردستان,CKB,200,discovered,discovered,,2026-02-12 14:58:27
https://964.krd,964.krd,+964,CKB,200,common_crawl,general,,2026-02-12 15:05:29
https://aburi.me,aburi.me,,UNK,200,variation,general,,2026-02-12 15:05:29
https://aburi.net,aburi.net,Aburi IT Consulting Firm,EN,200,variation,general,,2026-02-12 15:05:29
https://aburi.news,aburi.news,,UNK,200,variation,news_media,,2026-02-12 15:05:29
https://aburimarket.com,aburimarket.com,Aburi Market,EN,200,variation,ecommerce,SSL warning,2026-02-12 15:15:21
https://aburipress.com,aburipress.com,,UNK,200,variation,news_media,,2026-02-12 15:05:29
https://academics.tiu.edu.iq,academics.tiu.edu.iq,Academic Staff | Academic Staff,EN,200,crawl,education,,2026-02-12 15:05:29
https://academicstaff.epu.edu.iq,academicstaff.epu.edu.iq,EPU Academic Staff,UNK,200,crawl,education,,2026-02-12 15:05:29
https://afrin.com,afrin.com,,UNK,403,discovered,discovered,,2026-02-12 14:58:27
https://afrin.org,afrin.org,,UNK,200,discovered,discovered,,2026-02-12 14:58:27
https://afrinkanton.com/,afrinkanton.com,,UNK,,government,government,Afrin Canton,2026-02-12T14:53:09Z
https://ahlat.com,ahlat.com,Redirecting...,EN,200,variation,general,,2026-02-12 15:15:21
https://ais.edu.krd,ais.edu.krd,Epik,UNK,200,common_crawl,education,,2026-02-12 15:05:29
https://akakurdistan.com,akakurdistan.com,aka KURDISTAN | INTRODUCTION,EN,200,discovered,discovered,,2026-02-12 14:58:27
https://aknews.com/,aknews.com,,UNK,,known_media,news_media,AK News,2026-02-12T14:52:51Z
https://akre.com,akre.com,AKRE.com - Full-Page Real Estate Ads: FREE Listings! Buy and Sell Property and Homes.,EN,200,variation,general,,2026-02-12 15:05:29
https://akre.net,akre.net,,UNK,200,variation,general,,2026-02-12 15:05:29
https://alumni.cihanuniversity.edu.iq,alumni.cihanuniversity.edu.iq,HomePage - Cihan University-Erbil Alumni Association,EN,200,crawl,education,,2026-02-12 15:15:21
https://alumni.hmu.edu.krd,alumni.hmu.edu.krd,,UNK,200,discovered,discovered,,2026-02-12 14:58:27
https://alumni.lfu.edu.krd,alumni.lfu.edu.krd,Alumni  | Home,EN,200,discovered,discovered,,2026-02-12 14:58:27
https://alumni.tiu.edu.iq,alumni.tiu.edu.iq,Home - Blogs,EN,200,crawl,education,,2026-02-12 15:15:21
https://amako.info/,amako.info,,UNK,,cultural,cultural,Amako info,2026-02-12T14:53:18Z
https://amed.io,amed.io,Redirecting...,EN,200,discovered,discovered,,2026-02-12 14:58:27
https://amed.me,amed.me,amed.me — KRUT PTY LTD,EN,200,discovered,discovered,,2026-02-12 14:58:27
https://amed.net,amed.net,é¿åºç±³å¾·å»ç,EN,200,discovered,discovered,,2026-02-12 14:58:27
https://amed.org,amed.org,,UNK,200,discovered,discovered,,2026-02-12 14:58:27
https://amed.to/,amed.to,,UNK,,diaspora,diaspora,Amed portal,2026-02-12T14:53:25Z
https://amedi.org,amedi.org,AMEDI – African Music Ecosystem Development Initiative (AMEDI),EN,200,variation,general,,2026-02-12 15:15:21
https://amednews.com,amednews.com,American Medical News - Home - amednews.com,EN,200,variation,news_media,,2026-02-12 15:05:29
https://amedpost.com,amedpost.com,News - amed post,EN,200,variation,general,,2026-02-12 15:05:30
https://amedtoday.com,amedtoday.com,AmedToday.com is for sale | HugeDomains,EN,200,variation,general,,2026-02-12 15:05:30
https://amedtoday.org,amedtoday.org,Redirecting...,EN,200,variation,general,,2026-02-12 15:05:30
https://amedtv.com,amedtv.com,Amed TV | Son Dakika Diyarbakır Haberleri,TR,200,variation,tv_radio,,2026-02-12 15:05:30
https://amuda.com,amuda.com,Amuda | Blog personal de Amuda Goueli,AR/TR,200,variation,general,,2026-02-12 15:05:30
https://amude.com,amude.com,,UNK,400,variation,general,,2026-02-12 15:15:21
https://amude.net/,amude.net,,UNK,,cultural,cultural,Amude cultural portal,2026-02-12T14:53:15Z
https://analog.krd,analog.krd,Analog Technology Agency,CKB,200,common_crawl,general,,2026-02-12 15:05:30
https://anfarabic.com/,anfarabic.com,,UNK,,known_media,news_media,ANF Arabic edition,2026-02-12T14:52:50Z
https://anfenglish.com/,anfenglish.com,"ANF |
        Articles","KMR, EN",200,known_media,news_media,ANF English edition,2026-02-12T14:52:50Z
https://anfkurdi.com/,anfkurdi.com,,UNK,,known_media,news_media,ANF Kurdish edition,2026-02-12T14:52:50Z
https://ankawa.com/,ankawa.com,Just a moment...,EN,403,religious,religious,Ankawa Assyrian-Kurdish forum,2026-02-12T14:53:21Z
https://applied-science.tiu.edu.iq,applied-science.tiu.edu.iq,Home - Faculty of Applied Science - Tishk International University,EN,200,crawl,education,,2026-02-12 15:05:30
https://apply.lfu.edu.krd,apply.lfu.edu.krd,Sign in | LFU Apply,EN,200,discovered,discovered,,2026-02-12 14:58:27
https://aqra.com,aqra.com,,UNK,403,variation,general,,2026-02-12 15:15:21
https://aqra.net,aqra.net,aqra.net - This website is for sale! - aqra Resources and Information.,EN,200,variation,general,,2026-02-12 15:15:21
https://aqra.org,aqra.org,,UNK,200,variation,general,SSL warning,2026-02-12 15:15:21
https://ar.rojava.net,ar.rojava.net,,UNK,403,discovered,discovered,,2026-02-12 14:58:27
https://arabmediasociety.com/,arabmediasociety.com,,UNK,,known_media,news_media,Arab Media Society,2026-02-12T14:52:58Z
https://aramnews.com/,aramnews.com,AramNews.com is for sale | HugeDomains,EN,200,known_media,news_media,Aram News,2026-02-12T14:53:00Z
https://araratpti.edu.krd,araratpti.edu.krd,پەیمانگەها ئاڕاڕات,CKB/AR,200,common_crawl,education,,2026-02-12 15:05:30
https://arbela.store/,arbela.store,Home page - Arbela,EN,200,ecommerce,ecommerce,Arbela Store,2026-02-12T14:53:22Z
https://arbil.net,arbil.net,,UNK,200,variation,general,,2026-02-12 15:15:21
https://archive.gorran.net,archive.gorran.net,GORRAN.NET ||,CKB,200,crawl,political,,2026-02-12 15:05:30
https://arenda.krd,arenda.krd,Прокат одежды для фотосессии и мероприятия в Краснодаре,EN,200,common_crawl,general,SSL warning,2026-02-12 15:05:30
https://ark.krd,ark.krd,ARK Company,EN,200,common_crawl,general,,2026-02-12 15:05:30
https://artfrosh.krd,artfrosh.krd,ArtFrosh,EN,200,common_crawl,general,SSL warning,2026-02-12 15:05:30
https://arts.soran.edu.iq,arts.soran.edu.iq,FACULTY OF ARTS,EN/TR,200,crawl,education,,2026-02-12 15:05:30
https://ashti.krd,ashti.krd,رێکخراوی ئاشتی، بۆ مافەکانی مرۆڤ رێکخراوی ئاشتی، بۆ مافەکانی مرۆڤ - مافەکانی مرۆڤ سەرەکیترین مافەکانی ھەر مرۆڤێک کە تەنھا بە ھۆی مرۆڤ بوونەوە پێی دەبەخشرێت,CKB,200,variation,general,,2026-02-12 15:15:21
https://ashti.org,ashti.org,"国产av大屁股白浆一区二区,蜜臀人妻av一区二区三区,国产剧情av在线精品网站,亚洲国产精品9799545码,亚洲不卡啪啪视频,在线观看中文字幕国产视频",UNK,200,variation,general,SSL warning,2026-02-12 15:15:21
https://ashti.xyz,ashti.xyz,Index of /,UNK,200,variation,general,SSL warning,2026-02-12 15:15:21
https://ashticenter.org,ashticenter.org,Ashti Center,AR,200,variation,general,,2026-02-12 15:15:21
https://ashtidaily.com,ashtidaily.com,How to Build a Strong Financial Future in Australia | Ashti Daily,EN,200,variation,general,SSL warning,2026-02-12 15:15:21
https://auas.edu.krd,auas.edu.krd,زانکۆیا ئاکرێ بۆ زانستێن کرداری - AUAS,CKB,200,common_crawl,education,,2026-02-12 15:05:30
https://auis.edu.krd/,auis.edu.krd,"American University of Iraq, Sulaimani",EN,200,universities,education,American University of Iraq Sulaimani,2026-02-12T14:53:14Z
https://avestakurd.net,avestakurd.net,www.avestakurd.net | Hûn li cihê bûyerê ne,KMR,200,discovered,discovered,,2026-02-12 14:58:27
https://awene.com/,awene.com,You are being redirected...,UNK,307,known_media,news_media,Awene newspaper,2026-02-12T14:52:50Z
https://aweza.net/,aweza.net,,UNK,,known_media,news_media,Aweza news,2026-02-12T14:52:51Z
https://awronore.krd,awronore.krd,awronore,UNK,200,crawl,general,SSL warning,2026-02-12 15:05:30
https://awrosoft.krd,awrosoft.krd,Awrosoft ICT Solutions,EN,200,discovered,discovered,,2026-02-12 14:58:27
https://aynda.edu.krd,aynda.edu.krd,پەیمانگای ئایندە,CKB,200,common_crawl,education,,2026-02-12 15:05:30
https://azadi.io,azadi.io,,UNK,200,discovered,discovered,,2026-02-12 14:58:27
https://azadi.me,azadi.me,Homepage | Azadi Me,EN,200,discovered,discovered,,2026-02-12 14:58:27
https://azadi.news,azadi.news,,UNK,200,discovered,discovered,SSL warning,2026-02-12 14:58:27
https://azadi.xyz,azadi.xyz,,UNK,403,variation,general,,2026-02-12 15:05:30
https://azadicenter.com,azadicenter.com,,UNK,200,variation,general,,2026-02-12 15:15:21
https://azadicenter.org,azadicenter.org,,UNK,200,variation,general,,2026-02-12 15:15:21
https://azadifm.com/,azadifm.com,,UNK,,radio_stations,radio,Azadi FM,2026-02-12T14:53:07Z
https://azadihealth.com,azadihealth.com,,UNK,403,variation,health,,2026-02-12 15:15:21
https://azadikurd.com/,azadikurd.com,,UNK,,blogs,blogs,Azadi Kurd,2026-02-12T14:53:30Z
https://azadinet.app,azadinet.app,باهمستان آزادی (رویکرد جدید),FA,200,crawl,technology,,2026-02-12 15:15:21
https://azadinet.net,azadinet.net,باهمستان آزادی (رویکرد جدید),FA,200,variation,general,SSL warning,2026-02-12 15:05:30
https://azadinet.org,azadinet.org,AzadiNet Foundation,EN/TR,200,variation,general,SSL warning,2026-02-12 15:05:30
https://azadinews.com,azadinews.com,AzadiNews.com is for sale | HugeDomains,EN,200,variation,news_media,SSL warning,2026-02-12 15:05:30
https://azadinews.net,azadinews.net,,UNK,403,variation,news_media,,2026-02-12 15:05:30
https://azadipost.com,azadipost.com,,UNK,200,variation,general,SSL warning,2026-02-12 15:05:30
https://azadipress.com,azadipress.com,AzadiPress.com - Media Domains for Sale - Buy Premium Entertainment & News Domain Names | Domain for Sale. Call 888-694-6735.,EN,200,variation,news_media,,2026-02-12 15:05:30
https://azadiradio.com,azadiradio.com,رادیو آزادی,EN,200,variation,tv_radio,,2026-02-12 15:15:21
https://azadiradio.net,azadiradio.net,رادیو آزادی,EN,200,variation,tv_radio,,2026-02-12 15:05:30
https://azadiradio.org,azadiradio.org,رادیو آزادی,EN,200,variation,tv_radio,,2026-02-12 15:15:21
https://azadishop.com,azadishop.com,,UNK,200,variation,ecommerce,,2026-02-12 15:15:21
https://azaditimes.com,azaditimes.com,Independent News From Kashmir and Beyond - The Azadi Times,EN,200,variation,general,SSL warning,2026-02-12 15:05:30
https://azaditv.com,azaditv.com,,UNK,200,variation,tv_radio,,2026-02-12 15:05:30
https://azadiweb.com,azadiweb.com,آخرین اخبار ایران اینترنشنال,FA,200,variation,general,SSL warning,2026-02-12 15:05:30
https://azadiyawelat.com/,azadiyawelat.com,,UNK,503,political_parties,political_parties,Azadiya Welat,2026-02-12T14:53:13Z
https://bahar.info,bahar.info,,UNK,401,variation,general,,2026-02-12 15:15:21
https://bahar.io,bahar.io,,UNK,200,variation,general,,2026-02-12 15:15:21
https://bahar.me,bahar.me,,UNK,200,variation,general,,2026-02-12 15:15:21
https://bahar.net,bahar.net,BAHAR.NET - For Sale,EN,200,variation,general,,2026-02-12 15:15:21
https://bahar.org,bahar.org,,UNK,200,variation,general,,2026-02-12 15:15:21
https://bahar.xyz,bahar.xyz,Bahar.xyz for sale | Spaceship.com,EN,200,variation,general,SSL warning,2026-02-12 15:15:21
https://baharfood.com,baharfood.com,BaharFood.com is for sale | HugeDomains,EN,200,variation,food,,2026-02-12 15:15:21
https://bahargroup.com,bahargroup.com,bahargroup.com - This website is for sale! - bahargroup bahar group Resources and Information.,EN,200,variation,general,SSL warning,2026-02-12 15:15:21
https://bahargroup.net,bahargroup.net,Diversified Operating Holding Company - Bahar Holding,EN,200,variation,general,,2026-02-12 15:15:21
https://baharhub.com,baharhub.com,baharhub.com - baharhub Resources and Information.,EN,200,variation,general,,2026-02-12 15:15:21
https://baharmarket.com,baharmarket.com,BaharMarket.com is for sale | HugeDomains,EN,200,variation,ecommerce,,2026-02-12 15:15:21
https://baharmedia.com,baharmedia.com,,UNK,200,variation,news_media,,2026-02-12 15:15:21
https://baharmusic.com,baharmusic.com,BaharMusic.com is for sale | HugeDomains,EN,200,variation,culture_arts,,2026-02-12 15:15:21
https://baharnet.com,baharnet.com,BaharNet.com is for sale | HugeDomains,EN,200,variation,general,SSL warning,2026-02-12 15:15:21
https://baharnews.com,baharnews.com,,UNK,200,variation,news_media,,2026-02-12 15:15:21
https://baharstore.com,baharstore.com,BaharStore.com is for sale | HugeDomains,EN,200,variation,ecommerce,,2026-02-12 15:15:21
https://bakur.com,bakur.com,Domain For Salex,EN,200,discovered,discovered,,2026-02-12 14:58:27
https://bakur.me,bakur.me,bakur.me,EN,200,variation,general,,2026-02-12 15:05:30
https://bakur.net,bakur.net,,UNK,403,discovered,discovered,,2026-02-12 14:58:27
https://baneh.com,baneh.com,فروشگاه اینترنتی بانه خرید و قیمت,FA,200,variation,general,SSL warning,2026-02-12 15:15:21
https://baneh.net,baneh.net,فروشگاه اینترنتی بانه,FA,200,variation,general,,2026-02-12 15:05:30
https://banehonline.com,banehonline.com,Domain Default page,EN,200,variation,general,,2026-02-12 15:05:30
https://baran.com,baran.com,,UNK,200,variation,general,SSL warning,2026-02-12 15:15:21
https://baran.net,baran.net,baran.net for sale | Spaceship.com,EN,200,variation,general,SSL warning,2026-02-12 15:15:21
https://baran.xyz,baran.xyz,Baran.xyz for sale | Spaceship.com,EN,200,variation,general,SSL warning,2026-02-12 15:15:21
https://baranblog.com,baranblog.com,,UNK,403,variation,blogs,,2026-02-12 15:15:21
https://baranhub.com,baranhub.com,Home - BaranHub,EN,200,variation,general,SSL warning,2026-02-12 15:15:21
https://baranmarket.com,baranmarket.com,Baran Market,EN,200,variation,ecommerce,,2026-02-12 15:15:21
https://baranmedia.com,baranmedia.com,باران مدیا  – طراحی سایت، فیلم و مستند، مولتی مدیا,FA,200,variation,news_media,,2026-02-12 15:15:21
https://barannet.com,barannet.com,BaranNet.com is for sale | HugeDomains,EN,200,variation,general,,2026-02-12 15:15:21
https://barannet.net,barannet.net,Default page,EN,200,variation,general,,2026-02-12 15:15:21
https://baranshop.com,baranshop.com,BaranShop.com is for sale | HugeDomains,EN,200,variation,ecommerce,SSL warning,2026-02-12 15:15:21
https://baranstore.com,baranstore.com,,UNK,402,variation,ecommerce,,2026-02-12 15:15:21
https://barantech.com,barantech.com,Barantech | Customized HMI Solutions,EN,200,variation,technology,SSL warning,2026-02-12 15:15:30
https://barantech.net,barantech.net,,UNK,404,variation,technology,,2026-02-12 15:15:30
https://barantv.com,barantv.com,BaranTv.com is for sale | HugeDomains,EN,200,variation,tv_radio,,2026-02-12 15:15:30
https://barzan.com,barzan.com,,UNK,200,variation,general,SSL warning,2026-02-12 15:15:30
https://barzan.org,barzan.org,,UNK,200,variation,general,,2026-02-12 15:15:30
https://barzanonline.com,barzanonline.com,,UNK,200,variation,general,,2026-02-12 15:15:30
https://baskale.com,baskale.com,,UNK,200,variation,general,,2026-02-12 15:15:30
https://baskale.org,baskale.org,,UNK,403,variation,general,,2026-02-12 15:15:30
https://baskurd.basnews.com,baskurd.basnews.com,,UNK,403,common_crawl,news_media,,2026-02-12 15:05:30
https://basnews.com/,basnews.com,,UNK,,known_media,news_media,BasNews Kurdish media,2026-02-12T14:52:50Z
https://basnews.net,basnews.net,,UNK,403,variation,news_media,,2026-02-12 15:15:30
https://basnews.org,basnews.org,,UNK,403,variation,news_media,,2026-02-12 15:15:30
https://basnewsonline.com,basnewsonline.com,Collections,EN,200,variation,news_media,,2026-02-12 15:15:30
https://batmanmedia.com,batmanmedia.com,Batman Media & Entertainment – For your media and entertainment needs,EN,200,variation,news_media,,2026-02-12 15:05:30
https://batmantv.net,batmantv.net,Kadim Toprakların Modern Şehri Batman'ın Haber Sayfası | Batman TV,TR,200,variation,tv_radio,,2026-02-12 15:05:30
https://bazar.info,bazar.info,,UNK,200,variation,ecommerce,,2026-02-12 15:15:31
https://bazar.io,bazar.io,,UNK,200,variation,ecommerce,,2026-02-12 15:15:31
https://bazar.media,bazar.media,,UNK,200,variation,news_media,,2026-02-12 15:15:31
https://bazar.net,bazar.net,,UNK,200,variation,ecommerce,,2026-02-12 15:15:31
https://bazar.news,bazar.news,,UNK,200,variation,news_media,,2026-02-12 15:15:31
https://bazar.online,bazar.online,Bazar.online – Sales online,EN,200,variation,ecommerce,,2026-02-12 15:15:31
https://bazar.tv,bazar.tv,bazar.tv - This website is for sale! - Bazar Resources and Information.,EN,200,variation,tv_radio,,2026-02-12 15:15:31
https://bazar.xyz,bazar.xyz,Bazar.xyz for sale | Spaceship.com,EN,200,variation,ecommerce,,2026-02-12 15:15:31
https://bazarblog.com,bazarblog.com,,UNK,200,variation,ecommerce,,2026-02-12 15:15:31
https://bazarcenter.com,bazarcenter.com,,UNK,200,variation,ecommerce,,2026-02-12 15:15:31
https://bazardaily.com,bazardaily.com,,UNK,403,variation,ecommerce,,2026-02-12 15:15:32
https://bazarekurd.com/,bazarekurd.com,,UNK,,ecommerce,ecommerce,Bazare Kurd,2026-02-12T14:53:22Z
https://bazarfood.com,bazarfood.com,BazarFood.com is for sale | HugeDomains,EN,200,variation,ecommerce,,2026-02-12 15:15:32
https://bazarhealth.com,bazarhealth.com,"Delphi Healthcare - Primary Care, The Way It Should Be",EN,200,variation,health,SSL warning,2026-02-12 15:15:32
https://bazarhub.com,bazarhub.com,BazarHub.com is for sale | HugeDomains,EN,200,variation,ecommerce,,2026-02-12 15:15:33
https://bazarinfo.com,bazarinfo.com,BazarInfo.com is for sale | HugeDomains,EN,200,variation,ecommerce,,2026-02-12 15:15:34
https://bazarmarket.com,bazarmarket.com,,UNK,403,variation,ecommerce,,2026-02-12 15:15:36
https://bazarmedia.org,bazarmedia.org,,UNK,200,variation,news_media,,2026-02-12 15:15:36
https://bazarmusic.com,bazarmusic.com,BazarMusic.com is for sale | HugeDomains,EN,200,variation,ecommerce,,2026-02-12 15:15:37
https://bazarnet.com,bazarnet.com,,UNK,200,variation,ecommerce,,2026-02-12 15:15:37
https://bazarnet.org,bazarnet.org,,UNK,200,variation,ecommerce,,2026-02-12 15:15:37
https://bazarnews.com,bazarnews.com,,UNK,200,variation,news_media,,2026-02-12 15:15:38
https://bazarnow.com,bazarnow.com,BazarNow.com is for sale | HugeDomains,EN,200,variation,ecommerce,,2026-02-12 15:15:38
https://bazaronline.com,bazaronline.com,"""Базар-онлайн"" - автоматизация торговли",TR,200,variation,ecommerce,,2026-02-12 15:15:38
https://bazaronline.net,bazaronline.net,,UNK,200,variation,ecommerce,,2026-02-12 15:15:38
https://bazarpress.com,bazarpress.com,bazarpress.com - bazarpress Resources and Information.,EN,200,variation,news_media,,2026-02-12 15:15:38
https://bazarshop.com,bazarshop.com,bazarshop.com,EN,200,variation,ecommerce,,2026-02-12 15:15:38
https://bazarshop.org,bazarshop.org,,UNK,200,variation,ecommerce,,2026-02-12 15:15:38
https://bazarsport.com,bazarsport.com,,UNK,200,variation,sports,,2026-02-12 15:15:38
https://bazarstore.com,bazarstore.com,BazarStore.com for sale,EN,200,variation,ecommerce,,2026-02-12 15:15:38
https://bazartech.com,bazartech.com,BazarTech.com is for sale | HugeDomains,EN,200,variation,ecommerce,,2026-02-12 15:15:38
https://bazartimes.com,bazartimes.com,,UNK,200,variation,ecommerce,,2026-02-12 15:15:39
https://bazarweb.com,bazarweb.com,BazarWeb.com is for sale | HugeDomains,EN,200,variation,ecommerce,,2026-02-12 15:15:39
https://bbc.com/kurdish,bbc.com,,UNK,403,known_media,news_media,BBC Kurdish section,2026-02-12T14:52:51Z
https://bbckurdi.com/,bbckurdi.com,,UNK,,known_media,news_media,BBC Kurdish,2026-02-12T14:52:51Z
https://bianet.org/,bianet.org,,UNK,,known_media,news_media,Bianet independent news,2026-02-12T14:52:50Z
https://bijaronline.com,bijaronline.com,Redirecting...,EN,200,variation,general,,2026-02-12 15:05:30
https://binav.com/,binav.com,,UNK,200,blogs,blogs,Binav,2026-02-12T14:53:29Z
https://binav.info,binav.info,,UNK,403,discovered,discovered,,2026-02-12 14:58:27
https://bingol.com,bingol.com,,UNK,200,variation,ngo,,2026-02-12 15:05:30
https://bingol.net,bingol.net,bingol.net | Satılık Domain,EN,200,variation,ngo,SSL warning,2026-02-12 15:05:40
https://bisk.edu.krd,bisk.edu.krd,Home - British International Schools in Kurdistan,EN,200,common_crawl,education,,2026-02-12 15:05:40
https://bitlis.com,bitlis.com,,UNK,200,variation,general,,2026-02-12 15:05:40
https://bitlis.net,bitlis.net,,UNK,200,variation,general,,2026-02-12 15:05:40
https://blogs.tiu.edu.iq,blogs.tiu.edu.iq,,UNK,CONN_ERR,crawl,education,,2026-02-12 15:05:41
https://bnk.gov.krd/,bnk.gov.krd,,UNK,,cultural,cultural,Kurdistan National Library,2026-02-12T14:53:16Z
https://bnk.institutkurde.org,bnk.institutkurde.org,La bibliothèque numérique kurde (BNK) - Institut kurde de Paris,KMR/EN,200,crawl,general,,2026-02-12 15:05:41
https://bnu.edu.iq/,bnu.edu.iq,,UNK,,universities,education,BNU Iraq,2026-02-12T14:53:15Z
https://bologna.epu.edu.iq,bologna.epu.edu.iq,ECTS Database,EN,200,crawl,education,,2026-02-12 15:05:41
https://boombeene.com/,boombeene.com,,UNK,,ecommerce,ecommerce,Boombeene online store,2026-02-12T14:53:21Z
https://borgenproject.org/womens-empowerment-in-kurdistan,borgenproject.org,Women's Empowerment in Kurdistan - The Borgen Project,"EN, KMR",200,ngo,ngo,Borgen Project Kurdistan women,2026-02-12T14:53:27Z
https://bozova.com,bozova.com,,UNK,200,variation,general,,2026-02-12 15:15:39
https://bozova.net,bozova.net,,UNK,404,variation,general,,2026-02-12 15:15:39
https://bukan.com,bukan.com,Coming Soon 1,EN,200,variation,general,,2026-02-12 15:05:41
https://bukan.net,bukan.net,,UNK,403,variation,general,,2026-02-12 15:05:41
https://bukanmedia.com,bukanmedia.com,,UNK,200,variation,news_media,,2026-02-12 15:05:41
https://bulanik.com,bulanik.com,Bulanik.com is for sale | HugeDomains,EN,200,variation,general,SSL warning,2026-02-12 15:15:39
https://business.digital.gov.krd,business.digital.gov.krd,سیستەمی تۆمارکردنی دامەزراوە بازرگانییەکان,EN,200,crawl,government,,2026-02-12 15:15:39
https://business.tiu.edu.iq,business.tiu.edu.iq,Home | FACE,EN,200,crawl,education,,2026-02-12 15:05:41
https://c4kurd.com/,c4kurd.com,C4kurd,"EN, KMR",200,cultural,cultural,C4Kurd,2026-02-12T14:53:20Z
https://cabinet.gov.krd/,cabinet.gov.krd,,UNK,,government,government,KRG Cabinet,2026-02-12T14:53:07Z
https://catak.info,catak.info,http://www.catak.info/,TR,200,variation,general,,2026-02-12 15:15:40
https://catak.net,catak.net,Catak.net is for sale | HugeDomains,EN,200,variation,general,,2026-02-12 15:15:40
https://cc.cihanuniversity.edu.iq,cc.cihanuniversity.edu.iq,زانكۆی جیهان-سه‌نته‌ری رۆشنبیری جیهان – زانكۆی جیهان-سه‌نته‌ری رۆشنبیری جیهان,CKB,200,crawl,education,,2026-02-12 15:15:40
https://cec.tiu.edu.iq,cec.tiu.edu.iq,Home | CEC,EN,200,crawl,education,,2026-02-12 15:05:41
https://cemisgezek.com,cemisgezek.com,,UNK,404,variation,general,,2026-02-12 15:15:40
https://cemisgezek.org,cemisgezek.org,,UNK,200,variation,general,,2026-02-12 15:15:40
https://central.cue.edu.krd,central.cue.edu.krd,CUE CENTRAL | Login,UNK,200,crawl,education,,2026-02-12 15:15:40
https://chaknews.com/,chaknews.com,Eawin99 ทางเข้าเล่นสล็อตแตกง่าย พร้อมโบนัสพิเศษ,EN,200,known_media,news_media,Chak News,2026-02-12T14:52:51Z
https://chaldean.info,chaldean.info,,UNK,200,discovered,discovered,,2026-02-12 14:58:27
https://chaldean.io,chaldean.io,Chaldean,EN,200,discovered,discovered,,2026-02-12 14:58:27
https://chaldean.me,chaldean.me,,UNK,403,discovered,discovered,,2026-02-12 14:58:27
https://chaldean.net,chaldean.net,,UNK,200,discovered,discovered,,2026-02-12 14:58:27
https://chaldean.news,chaldean.news,,UNK,200,discovered,discovered,SSL warning,2026-02-12 14:58:27
https://chaldean.org/,chaldean.org,,UNK,,religious,religious,Chaldean community,2026-02-12T14:53:21Z
https://chamchamal.com,chamchamal.com,ChamChamal.com is for sale | HugeDomains,EN,200,variation,general,,2026-02-12 15:05:41
https://charmo.edu.krd/,charmo.edu.krd,,UNK,,universities,education,Charmo University,2026-02-12T14:53:15Z
https://chia.com,chia.com,Chia.com,EN,200,variation,general,,2026-02-12 15:15:40
https://chia.info,chia.info,,UNK,200,variation,general,,2026-02-12 15:15:40
https://chia.io,chia.io,6block-admin-fe - 6block-admin-fe,UNK,200,variation,general,,2026-02-12 15:15:41
https://chia.me,chia.me,,UNK,403,variation,general,,2026-02-12 15:15:41
https://chia.net,chia.net,Home - Chia Network,EN,200,variation,general,,2026-02-12 15:15:41
https://chia.xyz,chia.xyz,,UNK,200,variation,general,,2026-02-12 15:15:41
https://chiacenter.com,chiacenter.com,,UNK,200,variation,general,,2026-02-12 15:15:41
https://chiadaily.com,chiadaily.com,,UNK,200,variation,general,,2026-02-12 15:15:41
https://chiadev.com,chiadev.com,,UNK,200,variation,technology,,2026-02-12 15:15:42
https://chiafilm.com,chiafilm.com,Number one resource for online gambling and land-based casinos- Chia Film,EN,200,variation,culture_arts,,2026-02-12 15:15:42
https://chiafood.com,chiafood.com,,UNK,200,variation,food,,2026-02-12 15:15:42
https://chiagroup.com,chiagroup.com,嘉彰股份有限公司,EN,200,variation,general,,2026-02-12 15:15:43
https://chiahub.com,chiahub.com,ChiaHub.com is for sale | HugeDomains,EN,200,variation,general,,2026-02-12 15:15:43
https://chiainfo.com,chiainfo.com,,UNK,200,variation,general,,2026-02-12 15:15:45
https://chiamag.com,chiamag.com,,UNK,200,variation,general,,2026-02-12 15:15:45
https://chiamarket.com,chiamarket.com,ChiaMarket.com is for sale | HugeDomains,EN,200,variation,ecommerce,,2026-02-12 15:15:45
https://chiamedia.com,chiamedia.com,,UNK,404,variation,news_media,,2026-02-12 15:15:46
https://chiamusic.com,chiamusic.com,Chia Music - Martin Vejarano,EN,200,variation,culture_arts,,2026-02-12 15:15:46
https://chianet.com,chianet.com,,UNK,200,variation,general,SSL warning,2026-02-12 15:15:47
https://chianet.net,chianet.net,,UNK,200,variation,general,,2026-02-12 15:15:47
https://chianow.com,chianow.com,ChiaNow.com is for sale | HugeDomains,EN,200,variation,general,,2026-02-12 15:15:47
https://chiaonline.com,chiaonline.com,,UNK,200,variation,general,,2026-02-12 15:15:47
https://chiaonline.org,chiaonline.org,,UNK,SSL_ERR,variation,general,,2026-02-12 15:15:47
https://chiashop.com,chiashop.com,ChiaShop.com - Shopping Domains for Sale - Buy Premium Retail & E-commerce Domain Names | Domain for Sale. Call 888-694-6735.,EN,200,variation,ecommerce,,2026-02-12 15:15:47
https://chiasport.com,chiasport.com,ChiaSport.com is for sale | HugeDomains,EN,200,variation,sports,,2026-02-12 15:15:48
https://chiastore.com,chiastore.com,,UNK,200,variation,ecommerce,,2026-02-12 15:15:48
https://chiatech.net,chiatech.net,,UNK,200,variation,technology,,2026-02-12 15:15:48
https://chiatech.org,chiatech.org,ChiaTech - Launch Your Tech Career,UNK,200,variation,technology,,2026-02-12 15:15:48
https://chiaweb.com,chiaweb.com,,UNK,500,variation,general,,2026-02-12 15:15:49
https://chinar.com,chinar.com,CHINAR.COM | Strategic-Grade domain names for established businesses and funded startups,EN,200,variation,general,,2026-02-12 15:15:49
https://chinar.org,chinar.org,,UNK,403,variation,general,,2026-02-12 15:15:49
https://chinar.tv,chinar.tv,Home | Chinar Media,EN,200,variation,tv_radio,,2026-02-12 15:15:49
https://chinar.xyz,chinar.xyz,,UNK,200,variation,general,,2026-02-12 15:15:49
https://chinarfilm.com,chinarfilm.com,Chinar Film,EN,200,variation,culture_arts,,2026-02-12 15:15:49
https://chinargroup.com,chinargroup.com,,UNK,200,variation,general,,2026-02-12 15:15:49
https://chinarhub.com,chinarhub.com,,UNK,402,variation,general,,2026-02-12 15:15:49
https://chinarmedia.com,chinarmedia.com,,UNK,200,variation,news_media,,2026-02-12 15:15:49
https://chinarpost.com,chinarpost.com,,UNK,200,variation,general,SSL warning,2026-02-12 15:15:49
https://chinartimes.com,chinartimes.com,صفحہ اول - CHINAR TIMES,UNK,200,variation,culture_arts,,2026-02-12 15:15:49
https://christiankurdistan.com/,christiankurdistan.com,,UNK,,religious,religious,Christian Kurdistan,2026-02-12T14:53:21Z
https://cihan.edu.iq/,cihan.edu.iq,,UNK,,universities,education,Cihan University,2026-02-12T14:53:15Z
https://cihanuniversity.edu.iq/,cihanuniversity.edu.iq,Cihan University-Erbil,"EN, KMR",200,universities,education,Cihan University Erbil,2026-02-12T14:53:14Z
https://civaka-azad.org/,civaka-azad.org,Civaka Azad - Kurdisches Zentrum für Öffentlichkeitsarbeit,KMR,200,diaspora,diaspora,Civaka Azad Kurdish centre,2026-02-12T14:53:25Z
https://ciwan.me,ciwan.me,,UNK,200,discovered,discovered,,2026-02-12 14:58:27
https://ciwan.net,ciwan.net,,UNK,200,discovered,discovered,SSL warning,2026-02-12 14:58:27
https://ciwan.org,ciwan.org,,UNK,200,discovered,discovered,,2026-02-12 14:58:27
https://ciwannews.com/,ciwannews.com,,UNK,,known_media,news_media,Ciwan News,2026-02-12T14:53:00Z
https://cizre.com,cizre.com,Cizre.com,UNK,200,variation,general,SSL warning,2026-02-12 15:15:50
https://cizretv.com,cizretv.com,,UNK,200,variation,tv_radio,,2026-02-12 15:05:41
https://ckb.wikibooks.org,ckb.wikibooks.org,دەستپێک - Wb/ckb - Wikimedia Incubator,EN/CKB,200,discovered,discovered,,2026-02-12 14:58:27
https://ckb.wikinews.org,ckb.wikinews.org,دەستپێک - Wn/ckb - Wikimedia Incubator,CKB/EN,200,discovered,discovered,,2026-02-12 14:58:27
https://ckb.wikipedia.org/,ckb.wikipedia.org,ویکیپیدیا، ئینسایکڵۆپیدیای ئازاد,CKB,200,cultural,cultural,Wikipedia Sorani Kurdish,2026-02-12T14:53:16Z
https://ckb.wikiquote.org,ckb.wikiquote.org,دەستپێک - Wq/ckb - Wikimedia Incubator,CKB/EN,200,discovered,discovered,,2026-02-12 14:58:27
https://ckb.wikisource.org,ckb.wikisource.org,,UNK,404,discovered,discovered,SSL warning,2026-02-12 14:58:27
https://ckb.wikiversity.org,ckb.wikiversity.org,,UNK,404,discovered,discovered,,2026-02-12 14:58:27
https://ckb.wikivoyage.org,ckb.wikivoyage.org,دەستپێک - Wy/ckb - Wikimedia Incubator,EN/CKB,200,discovered,discovered,,2026-02-12 14:58:27
https://ckb.wiktionary.org/,ckb.wiktionary.org,ویکیفەرھەنگ,CKB,200,cultural,cultural,Wiktionary Sorani Kurdish,2026-02-12T14:53:16Z
https://class.koyauniversity.org,class.koyauniversity.org,Koya University,CKB,200,crawl,education,,2026-02-12 15:05:41
https://cmcph.net/,cmcph.net,CMC,"KMR, EN",200,health,health,CMC Private Hospital,2026-02-12T14:53:29Z
https://cmd.koyauniversity.org,cmd.koyauniversity.org,CMD,EN/TR,200,crawl,education,,2026-02-12 15:05:41
https://conferences.cihanuniversity.edu.iq,conferences.cihanuniversity.edu.iq,Cihan University-Erbil Conferences,EN,200,crawl,education,,2026-02-12 15:15:50
https://conferences.hmu.edu.krd,conferences.hmu.edu.krd,Conferences -  Home,EN,200,discovered,discovered,,2026-02-12 14:58:27
https://conferences.lfu.edu.krd,conferences.lfu.edu.krd,LFU Conference,EN,200,discovered,discovered,,2026-02-12 14:58:27
https://conferences.tiu.edu.iq,conferences.tiu.edu.iq,Home - Conferences TIU,EN,200,crawl,education,,2026-02-12 15:05:41
https://confsubmission.hmu.edu.krd,confsubmission.hmu.edu.krd,HMU Conference Proceedings,EN,200,crawl,education,,2026-02-12 15:05:41
https://cptad.lfu.edu.krd,cptad.lfu.edu.krd,Center of Pedagogical Training and Academic Development,EN,200,discovered,discovered,,2026-02-12 14:58:27
https://cue.edu.krd,cue.edu.krd,Catholic University in Erbil | Where every student's story matters,EN,200,common_crawl,education,,2026-02-12 15:05:41
https://cuesj.cihanuniversity.edu.iq,cuesj.cihanuniversity.edu.iq,Cihan University-Erbil Scientific Journal – a periodic multidisciplinary scientific journal issued by Cihan University- Erbil after auditing and revising by a specialized staff headed by the President,EN,200,crawl,education,,2026-02-12 15:15:50
https://da.azadiradio.com,da.azadiradio.com,صفحه نخست رادیو آزادی,FA/EN,200,crawl,tv_radio,,2026-02-12 15:15:50
https://da.azadiradio.mobi,da.azadiradio.mobi,صفحه نخست رادیو آزادی,FA/EN,200,crawl,tv_radio,,2026-02-12 15:15:50
https://dahuk.com,dahuk.com,,UNK,200,variation,general,,2026-02-12 15:15:50
https://dangiiran.com/,dangiiran.com,,UNK,,known_media,news_media,Dangi Iran,2026-02-12T14:53:00Z
https://danginwe.com/,danginwe.com,,UNK,,known_media,news_media,Dangi Nwe,2026-02-12T14:53:00Z
https://daquq.com,daquq.com,Daquq.com is for sale | HugeDomains,EN,200,variation,general,SSL warning,2026-02-12 15:15:50
https://data.krd,data.krd,Data,EN,200,discovered,discovered,SSL warning,2026-02-12 14:58:27
https://dckurd.org/,dckurd.org,Washington Kurdish Institute Est. 1996,"EN, KMR",200,diaspora,diaspora,DC Kurd,2026-02-12T14:53:27Z
https://dean-of-students.tiu.edu.iq,dean-of-students.tiu.edu.iq,Home | Dean of Students,EN,200,crawl,education,,2026-02-12 15:05:41
https://defendrojava.org/,defendrojava.org,,UNK,,diaspora,diaspora,Defend Rojava,2026-02-12T14:53:27Z
https://deng.com,deng.com,灯网（deng.com）一家专业卖灯的网站,KMR,200,variation,general,,2026-02-12 15:05:41
https://deng.io,deng.io,,UNK,200,variation,general,,2026-02-12 15:05:41
https://deng.me,deng.me,,UNK,200,variation,general,,2026-02-12 15:05:41
https://deng.online,deng.online,,UNK,200,variation,general,,2026-02-12 15:15:50
https://deng.org,deng.org,,UNK,200,variation,general,,2026-02-12 15:05:41
https://deng.xyz,deng.xyz,,UNK,403,variation,general,,2026-02-12 15:05:42
https://dengblog.com,dengblog.com,,UNK,403,variation,blogs,,2026-02-12 15:05:42
https://dengekurdistan.nu,dengekurdistan.nu,"Dengê Kurdistan – ""Azadî""",EN,200,crawl,general,,2026-02-12 15:15:51
https://dengeradio.com/,dengeradio.com,,UNK,,radio_stations,radio,Denge Radio,2026-02-12T14:53:07Z
https://dengewelat.com/,dengewelat.com,,UNK,,radio_stations,radio,Denge Welat radio,2026-02-12T14:53:07Z
https://dengeyezidi.com/,dengeyezidi.com,,UNK,,religious,religious,Denge Yezidi,2026-02-12T14:53:21Z
https://dengi.io,dengi.io,,UNK,200,variation,general,,2026-02-12 15:15:51
https://dengi.online,dengi.online,dengi.online - dengi Resources and Information.,EN,200,variation,general,,2026-02-12 15:15:51
https://dengi.org,dengi.org,,UNK,200,variation,general,,2026-02-12 15:15:52
https://dengi.xyz,dengi.xyz,,UNK,200,variation,general,,2026-02-12 15:15:52
https://dengiamerica.com/,dengiamerica.com,,UNK,,known_media,news_media,Voice of America Kurdish,2026-02-12T14:52:50Z
https://dengikurdistan.com/,dengikurdistan.com,,UNK,503,known_media,news_media,Dengi Kurdistan (com),2026-02-12T14:52:51Z
https://dengikurdistan.net/,dengikurdistan.net,,UNK,,known_media,news_media,Dengi Kurdistan,2026-02-12T14:52:51Z
https://dengionline.net,dengionline.net,Гладиаторы: Онлайн-игра,UNK,200,variation,general,,2026-02-12 15:15:53
https://dengionline.org,dengionline.org,dengionline.org - dengionline Resources and Information.,EN,200,variation,general,,2026-02-12 15:15:54
https://dengmagazine.com,dengmagazine.com,Coming Soon,UNK,200,variation,general,,2026-02-12 15:05:42
https://dengonline.com,dengonline.com,DengOnline.com is for sale | HugeDomains,EN,200,variation,ngo,,2026-02-12 15:05:42
https://dengtech.com,dengtech.com,Home | DengTech,EN,200,variation,technology,,2026-02-12 15:15:54
https://dentistry.tiu.edu.iq,dentistry.tiu.edu.iq,home - Dentistry Faculty - Dentistry Faculty,EN,200,crawl,education,,2026-02-12 15:05:42
https://derik.com,derik.com,,UNK,200,variation,general,,2026-02-12 15:05:42
https://dersim.net,dersim.net,Sohbet,TR,200,variation,general,,2026-02-12 15:05:43
https://dersimtv.net,dersimtv.net,- Dersim TV,EN,200,variation,tv_radio,,2026-02-12 15:05:43
https://devs.krd,devs.krd,گەشەپێدەرانی کورد | زانستی کۆمپیوتەر بە کوردی و بە پوختی,CKB,200,discovered,discovered,SSL warning,2026-02-12 14:58:27
https://dfns.net/,dfns.net,,UNK,200,government,government,Democratic Federation of Northern Syria,2026-02-12T14:53:08Z
https://diakurdistan.com/,diakurdistan.com,,UNK,,diaspora,diaspora,Dia Kurdistan,2026-02-12T14:53:27Z
https://diana.com,diana.com,,UNK,403,variation,general,,2026-02-12 15:05:45
https://dianamedia.com,dianamedia.com,,UNK,200,variation,news_media,,2026-02-12 15:05:45
https://diananews.com,diananews.com,DianaNews.com is for sale | HugeDomains,EN,200,variation,news_media,,2026-02-12 15:05:46
https://dianaonline.com,dianaonline.com,,UNK,200,variation,general,,2026-02-12 15:05:46
https://dianapost.com,dianapost.com,"Dianapost.com - the mature galleries, mom galleries,old woman,milf gallery. . Elder sex, milf at home.",EN,200,variation,general,,2026-02-12 15:05:47
https://dianatoday.com,dianatoday.com,DIANA TODAY – RESTORE | EQUIP | EMPOWER,EN,200,variation,general,,2026-02-12 15:05:47
https://dibis.com,dibis.com,,UNK,200,variation,general,,2026-02-12 15:15:54
https://dicle.com,dicle.com,,UNK,200,variation,general,,2026-02-12 15:15:54
https://diclenews.com,diclenews.com,,UNK,200,variation,news_media,,2026-02-12 15:15:55
https://dicletv.com,dicletv.com,"Dicle TV - Son Dakika Diyarbakır Haberleri, Mezopotamya Gündemi",TR/KMR,200,variation,tv_radio,,2026-02-12 15:15:55
https://dictio.kurditgroup.org,dictio.kurditgroup.org,Home | Dictio,EN,200,crawl,general,,2026-02-12 15:05:47
https://difraq.com/,difraq.com,,UNK,,religious,religious,Difraq,2026-02-12T14:53:21Z
https://diyarbakir.com,diyarbakir.com,,UNK,404,discovered,discovered,,2026-02-12 14:58:27
https://diyarbakir.net,diyarbakir.net,"Diyarbakır Haber, Diyarbakır Son Dakika Haberleri",TR,200,discovered,discovered,,2026-02-12 14:58:27
https://diyarbakirnews.com,diyarbakirnews.com,,UNK,200,variation,news_media,,2026-02-12 15:05:47
https://diyarbakironline.com,diyarbakironline.com,Diyarbakır Online | Diyarbakır Son Dakika Haberleri,TR,200,variation,general,,2026-02-12 15:05:47
https://dohuk.com,dohuk.com,,UNK,200,variation,general,,2026-02-12 15:15:55
https://dohuk.org,dohuk.org,,UNK,200,variation,general,,2026-02-12 15:15:55
https://dokan.com,dokan.com,DOKAN.COM | online shopping website in UAE for all your needs,EN,200,variation,general,,2026-02-12 15:15:56
https://dokan.net,dokan.net,dokan.net - dokan Resources and Information.,EN,200,variation,general,,2026-02-12 15:15:56
https://dokanonline.com,dokanonline.com,,UNK,200,variation,general,,2026-02-12 15:15:56
https://drupal.koyauniversity.org,drupal.koyauniversity.org,Plesk Obsidian 18.0.75,EN,200,crawl,education,,2026-02-12 15:05:48
https://duhok.org/,duhok.org,duhok.org | 521: Web server is down,EN,521,ecommerce,ecommerce,Duhok city portal,2026-02-12T14:53:22Z
https://duhokcihan.edu.krd,duhokcihan.edu.krd,Home || Cihan University - Duhok,EN,200,crawl,education,,2026-02-12 15:15:56
https://duhoknews.com,duhoknews.com,,UNK,200,variation,news_media,,2026-02-12 15:05:48
https://duhoktv.com,duhoktv.com,DuhokTv.com is for sale | HugeDomains,EN,200,variation,tv_radio,,2026-02-12 15:05:48
https://duhoktv.net,duhoktv.net,DUHOK TV | مالپەرێ فەرمی یێ كەنالێ دهوك,CKB,200,variation,tv_radio,,2026-02-12 15:05:49
https://dukan.info,dukan.info,,UNK,200,variation,general,,2026-02-12 15:05:49
https://dukan.net,dukan.net,dukan.net - Test,UNK,200,variation,general,,2026-02-12 15:05:49
https://dukan.org,dukan.org,,UNK,200,variation,general,,2026-02-12 15:05:49
https://dukanonline.com,dukanonline.com,,UNK,200,variation,general,,2026-02-12 15:05:49
https://dw.com/ku,dw.com,,UNK,403,known_media,news_media,Deutsche Welle Kurmanji,2026-02-12T14:52:51Z
https://eajse.tiu.edu.iq,eajse.tiu.edu.iq,EURASIAN JOURNAL OF SCIENCE AND ENGINEERING,EN,200,crawl,education,,2026-02-12 15:05:50
https://ebazar.net/,ebazar.net,Online Shopping in Iraq and Kurdistan,"EN, CKB",200,ecommerce,ecommerce,eBazar marketplace,2026-02-12T14:53:21Z
https://edu.soran.edu.iq,edu.soran.edu.iq,FACULTY OF EDUCATION,EN/TR,200,crawl,education,,2026-02-12 15:05:50
https://education.tiu.edu.iq,education.tiu.edu.iq,Faculty of Education - TIU,EN,200,crawl,education,,2026-02-12 15:05:50
https://efrin.net/,efrin.net,Trang chủ - làm đẹp,"KMR, EN",200,diaspora,diaspora,Efrin community,2026-02-12T14:53:25Z
https://egender.auis.edu.krd,egender.auis.edu.krd,,UNK,403,common_crawl,education,,2026-02-12 15:05:50
https://ehlibeyt.info/,ehlibeyt.info,,UNK,,religious,religious,Ehlibeyt info,2026-02-12T14:53:21Z
https://eiherbil.com/,eiherbil.com,,UNK,503,health,health,EIH Erbil hospital,2026-02-12T14:53:28Z
https://ejmss.tiu.edu.iq,ejmss.tiu.edu.iq,Eurasian Journal of Management & Social Sciences  - Open Access,EN,200,crawl,education,,2026-02-12 15:05:50
https://ejnm.hmu.edu.krd,ejnm.hmu.edu.krd,Erbil Journal of Nursing and Midwifery,EN,200,crawl,education,,2026-02-12 15:15:57
https://ekurd.de,ekurd.de,ekurd.de jetzt kaufen!,UNK,200,discovered,discovered,,2026-02-12 14:58:27
https://ekurd.net/,ekurd.net,Insight International - The Insight International,"EN, KMR",200,known_media,news_media,eKurd.net daily news,2026-02-12T14:52:50Z
https://ekurd.us11.list-manage.com,ekurd.us11.list-manage.com,,UNK,200,discovered,discovered,,2026-02-12 14:58:27
https://welat.me,elat.me,,UNK,200,discovered,discovered,,2026-02-12 14:58:59
https://elazigmedia.com,elazigmedia.com,,UNK,200,variation,news_media,,2026-02-12 15:05:50
https://elazigonline.com,elazigonline.com,Elazığ Online - Elazığ Haber - Son Dakika Elazığ Haberleri,TR,200,variation,general,,2026-02-12 15:15:57
https://elazigtv.com,elazigtv.com,,UNK,200,variation,tv_radio,,2026-02-12 15:05:51
https://email.tiu.edu.iq,email.tiu.edu.iq,Academic Staff | Academic Staff,EN,200,crawl,education,,2026-02-12 15:15:57
https://eng.soran.edu.iq,eng.soran.edu.iq,SUN's FENG,EN/TR,200,crawl,education,,2026-02-12 15:05:51
https://engineering.tiu.edu.iq,engineering.tiu.edu.iq,Engineering Faculty - Tishk International University - Engineering Faculty,EN,200,crawl,education,,2026-02-12 15:05:51
https://enks.info/,enks.info,,UNK,,political_parties,political_parties,ENKS Syrian Kurdish National Council,2026-02-12T14:53:11Z
https://eprints.koyauniversity.org,eprints.koyauniversity.org,Welcome to Koya University Eprints - Koya University Eprints,EN,200,crawl,education,,2026-02-12 15:05:51
https://epu.edu.iq/,epu.edu.iq,Home - Erbil Polytechnic University,EN,200,universities,education,Erbil Polytechnic University,2026-02-12T14:53:14Z
https://erbil.com,erbil.com,,UNK,200,discovered,discovered,,2026-02-12 14:58:27
https://erbil.info,erbil.info,,UNK,200,discovered,discovered,,2026-02-12 14:58:27
https://erbil.io,erbil.io,Coming Soon,UNK,200,discovered,discovered,,2026-02-12 14:58:27
https://erbil.org,erbil.org,,UNK,200,discovered,discovered,,2026-02-12 14:58:27
https://erbilchamber.org,erbilchamber.org,Erbil - Chamber of Commerce & Industries,EN,200,crawl,general,,2026-02-12 15:05:51
https://erbilcitadel.org/,erbilcitadel.org,,UNK,,ecommerce,ecommerce,Erbil Citadel,2026-02-12T14:53:22Z
https://erbilmarathon.com/,erbilmarathon.com,,UNK,200,sports,sports,Erbil Marathon,2026-02-12T14:53:29Z
https://erbilnews.com,erbilnews.com,أخبار أربيل - Erbil News,AR,200,variation,news_media,,2026-02-12 15:05:51
https://erbilpost.com,erbilpost.com,Hostinger Horizons,EN,200,variation,general,,2026-02-12 15:05:51
https://erbiltoday.com,erbiltoday.com,Parked Domain name on Hostinger DNS system,EN,200,variation,general,,2026-02-12 15:05:51
https://ergani.com,ergani.com,Ergani Gündem - Ergani,TR,200,variation,general,,2026-02-12 15:15:58
https://erp.mohe.gov.krd,erp.mohe.gov.krd,ÙÛØ²Ø§Ø±ÛØªÛ Ø®ÙÛÙØ¯ÙÛ Ø¨Ø§ÚµØ§ Ù ØªÙÛÚÛÙÛÙÛÛ Ø²Ø§ÙØ³ØªÛ,UNK,200,crawl,government,,2026-02-12 15:05:52
https://eruh.net,eruh.net,Coming Soon,UNK,200,variation,general,,2026-02-12 15:15:58
https://etudeskurdes.org,etudeskurdes.org,Études kurdes - revue semestrielle de recherches,EN,200,crawl,general,,2026-02-12 15:05:52
https://evinkurd.com/,evinkurd.com,,UNK,,known_media,news_media,Evin Kurd,2026-02-12T14:52:51Z
https://ezidi.com,ezidi.com,,UNK,403,variation,religious,,2026-02-12 15:15:58
https://ezidi.news,ezidi.news,Главная страница,EN,200,discovered,discovered,SSL warning,2026-02-12 14:58:27
https://ezidikan.com/,ezidikan.com,,UNK,,religious,religious,Ezidikan Yezidi portal,2026-02-12T14:53:21Z
https://ezidikhan.com/,ezidikhan.com,,UNK,,religious,religious,Ezidikhan Yezidi governance,2026-02-12T14:53:20Z
https://ezidimedia.net,ezidimedia.net,ezidimedia.net,EN,200,variation,news_media,,2026-02-12 15:15:58
https://ezidinews.ct.ws,ezidinews.ct.ws,,UNK,200,crawl,news_media,,2026-02-12 15:05:52
https://ezidishop.com,ezidishop.com,,UNK,SSL_ERR,variation,ecommerce,,2026-02-12 15:15:59
https://eziditimes.com,eziditimes.com,Welcome to Ezidi Times –,EN,200,variation,religious,,2026-02-12 15:15:59
https://ezidpress.com/,ezidpress.com,,UNK,,religious,religious,Ezid Press news,2026-02-12T14:53:21Z
https://fa.kurdistanukurd.com,fa.kurdistanukurd.com,کوردستان و کورد – وبسایت مرکزی حزب دمکرات کردستان ایران,FA,200,crawl,general,,2026-02-12 15:05:52
https://fa.kurdistanukurd.org,fa.kurdistanukurd.org,کوردستان و کورد – وبسایت مرکزی حزب دمکرات کردستان ایران,FA,200,crawl,general,,2026-02-12 15:05:52
https://farukmedicalcity.com/,farukmedicalcity.com,Faruk Medical City - Excellence in Human Care,EN,200,health,health,Faruk Medical City,2026-02-12T14:53:28Z
https://fek-online.com/,fek-online.com,,UNK,,diaspora,diaspora,FEK Online,2026-02-12T14:53:23Z
https://ferheng.com/,ferheng.com,,UNK,200,cultural,cultural,Ferheng Kurdish dictionary (com),2026-02-12T14:53:16Z
https://ferheng.org/,ferheng.org,FerhengUi,EN,200,cultural,cultural,Ferheng Kurdish dictionary (org),2026-02-12T14:53:16Z
https://files-thekurdistani-com.cdn.ampproject.org,files-thekurdistani-com.cdn.ampproject.org,,UNK,404,crawl,general,,2026-02-12 15:15:59
https://files.thekurdistani.com,files.thekurdistani.com,PM77TOTO # Link Deposit Pulsa Dengan Pelayanan Terbaik,EN,200,crawl,general,,2026-02-12 15:05:52
https://firatajans.com/,firatajans.com,,UNK,,known_media,news_media,Firat News Agency,2026-02-12T14:52:50Z
https://firatnews.com/,firatnews.com,,UNK,,known_media,news_media,Firat News,2026-02-12T14:52:50Z
https://france24.com/ku,france24.com,,UNK,,known_media,news_media,France 24 Kurdish,2026-02-12T14:52:51Z
https://gali.io,gali.io,,UNK,200,variation,general,,2026-02-12 15:15:59
https://galicenter.com,galicenter.com,GALI - Global Academy of Language Immersion,EN,200,variation,general,,2026-02-12 15:15:59
https://galifood.com,galifood.com,,UNK,200,variation,food,,2026-02-12 15:15:59
https://galigroup.com,galigroup.com,Galigroup Trasporti e Logistica,EN/TR,200,variation,general,,2026-02-12 15:15:59
https://galihealth.com,galihealth.com,GaliHealth.com,EN,200,variation,health,SSL warning,2026-02-12 15:15:59
https://galimarket.com,galimarket.com,galimarket.com for sale | Spaceship.com,EN,200,variation,ecommerce,,2026-02-12 15:15:59
https://galimedia.com,galimedia.com,,UNK,200,variation,news_media,,2026-02-12 15:16:00
https://galimusic.org,galimusic.org,,UNK,200,variation,culture_arts,,2026-02-12 15:16:00
https://galinet.com,galinet.com,,UNK,200,variation,general,,2026-02-12 15:16:00
https://galinet.net,galinet.net,,UNK,200,variation,general,SSL warning,2026-02-12 15:16:01
https://galinews.com,galinews.com,GaliNews.com is for sale | HugeDomains,EN,200,variation,news_media,,2026-02-12 15:16:01
https://galishop.com,galishop.com,GaliShop.com is for sale | HugeDomains,EN,200,variation,ecommerce,,2026-02-12 15:16:01
https://galistore.net,galistore.net,GALI STORE,TR/EN,200,variation,ecommerce,,2026-02-12 15:16:01
https://galitech.com,galitech.com,GaliTech.com is for sale | HugeDomains,EN,200,variation,technology,,2026-02-12 15:16:02
https://galitech.net,galitech.net,Galitech - Servicios Infórmaticos,EN,200,variation,technology,,2026-02-12 15:16:02
https://galitravel.com,galitravel.com,GaliTravel.com is for sale | HugeDomains,EN,200,variation,tourism,SSL warning,2026-02-12 15:16:02
https://galitv.com,galitv.com,,UNK,403,discovered,discovered,SSL warning,2026-02-12 14:58:27
https://garmian.edu.krd/,garmian.edu.krd,,UNK,503,universities,education,University of Garmian,2026-02-12T14:53:15Z
https://gelawej.net/,gelawej.net,,UNK,,known_media,news_media,Gelawej news,2026-02-12T14:52:50Z
https://genç.com,genç.com,genÃ§.com for sale | Spaceship.com,EN,200,variation,general,,2026-02-12 15:16:03
https://github.com/sinaahmadi/awesome-kurdish,github.com,GitHub - sinaahmadi/awesome-kurdish: A curated list of awesome resources and tools for Kurdish language and speech technologies,"EN, KMR, HAW",200,tech,technology,Awesome Kurdish GitHub repo,2026-02-12T14:53:29Z
https://gksat.tv/,gksat.tv,GK Sat : کەناڵی ئاسمانی گەلی کوردستان,CKB,200,tv_channels,tv_channels,GK Sat TV,2026-02-12T14:53:04Z
https://gorani.me,gorani.me,Welcome to nginx!,HAW,200,discovered,discovered,,2026-02-12 14:58:27
https://gorani.net,gorani.net,Website Builder – CloudyHost®,UNK,200,discovered,discovered,,2026-02-12 14:58:34
https://gorani.org,gorani.org,Gorani Ensemble,HAW,200,discovered,discovered,,2026-02-12 14:58:34
https://gorannews.net/,gorannews.net,,UNK,,political_parties,political_parties,Gorran Movement news,2026-02-12T14:53:09Z
https://gorran.com,gorran.com,Gorran.com - Business Domain for Sale,EN,200,variation,political,,2026-02-12 15:16:03
https://gorran.net/,gorran.net,Gorran,CKB,200,political_parties,political_parties,Gorran Movement,2026-02-12T14:53:09Z
https://gorran.org,gorran.org,Parked Domain name on Hostinger DNS system,EN,200,variation,political,,2026-02-12 15:16:03
https://gorranmusic.com,gorranmusic.com,Gorran,EN,200,variation,political,,2026-02-12 15:16:03
https://gov.krd/,gov.krd,حکومەتی هەرێمی كوردستان,CKB,200,government,government,KRG official portal,2026-02-12T14:53:07Z
https://gulan-media.com/,gulan-media.com,ดูบอลสด888 – ศูนย์รวมความมันส์ ครบทุกลีก ถ่ายทอดชัด รวดเร็วทันใจ สุดคุ้มทุกแมตช์,EN,200,known_media,news_media,Gulan Media,2026-02-12T14:52:50Z
https://gulan.net,gulan.net,,UNK,200,variation,general,,2026-02-12 15:16:04
https://gulan.online,gulan.online,,UNK,200,variation,general,,2026-02-12 15:16:04
https://gulan.org,gulan.org,,UNK,200,variation,general,,2026-02-12 15:16:04
https://gulanfood.com,gulanfood.com,è°·å°é£å,EN/KMR,200,variation,food,,2026-02-12 15:16:04
https://gulanmedia.com,gulanmedia.com,,UNK,403,variation,news_media,,2026-02-12 15:16:05
https://gulistan.com,gulistan.com,,UNK,403,variation,general,,2026-02-12 15:16:05
https://gulistanradio.com,gulistanradio.com,gulistanradio.com,EN,200,variation,tv_radio,,2026-02-12 15:16:05
https://gund.com,gund.com,"GUND: Official Home of Huggable Teddy Bears & Stuffed Toys Since 1898
 – Gund",EN,200,variation,general,,2026-02-12 15:16:05
https://gundgroup.org,gundgroup.org,,UNK,200,variation,general,,2026-02-12 15:16:05
https://gundmedia.com,gundmedia.com,,UNK,404,variation,news_media,,2026-02-12 15:16:05
https://gurpinar.com,gurpinar.com,Gurpinar.com is for sale | HugeDomains,EN,200,variation,general,,2026-02-12 15:16:06
https://gurpinar.net,gurpinar.net,Onur Gürpınar – Projects Manager,EN,200,variation,general,,2026-02-12 15:16:06
https://hajj.digital.gov.krd,hajj.digital.gov.krd,دەروازەی حەج,CKB,200,crawl,government,,2026-02-12 15:16:06
https://hakkari.com,hakkari.com,,UNK,200,variation,general,,2026-02-12 15:05:53
https://halabjah.com,halabjah.com,,UNK,200,variation,general,,2026-02-12 15:16:07
https://halabjamemorial.org,halabjamemorial.org,Halabja Memorial – In Memory of a Tragedy,EN,200,crawl,general,,2026-02-12 15:16:07
https://halabjauni.edu.krd/,halabjauni.edu.krd,,UNK,,universities,education,University of Halabja,2026-02-12T14:53:15Z
https://hani.info,hani.info,,UNK,200,variation,general,,2026-02-12 15:16:07
https://hani.net,hani.net,الرئيسية - هاني سندي,AR,200,variation,general,,2026-02-12 15:16:07
https://haninews.com,haninews.com,,UNK,200,variation,news_media,,2026-02-12 15:16:07
https://hanionline.com,hanionline.com,Hani Online,EN,200,variation,general,,2026-02-12 15:16:07
https://harikar.org/,harikar.org,Harikar NGO - Home Page,EN,200,ngo,ngo,Harikar NGO,2026-02-12T14:53:27Z
https://harir.net,harir.net,,UNK,200,variation,general,,2026-02-12 15:16:07
https://harsin.net,harsin.net,Index of /,UNK,200,variation,general,,2026-02-12 15:16:07
https://hasaka.com,hasaka.com,,UNK,200,variation,general,,2026-02-12 15:05:53
https://havin.com,havin.com,,UNK,200,variation,general,,2026-02-12 15:16:07
https://havin.fm/,havin.fm,,UNK,,radio_stations,radio,Havin FM,2026-02-12T14:53:07Z
https://havin.org,havin.org,صفحه اصلی هاوین - هاوین,FA,200,variation,general,,2026-02-12 15:16:08
https://havin.xyz,havin.xyz,The havin,EN,200,variation,general,,2026-02-12 15:16:08
https://havingroup.com,havingroup.com,,UNK,200,variation,general,,2026-02-12 15:16:08
https://havinmag.com,havinmag.com,صفحه خانه - هاوین مگ,FA,200,variation,general,,2026-02-12 15:16:08
https://hawar.net,hawar.net,پەڕەی سەرەکی - هەوار - Hawar,KMR/CKB,200,discovered,discovered,,2026-02-12 14:58:35
https://hawar.news/,hawar.news,,UNK,,known_media,news_media,Hawar News Agency,2026-02-12T14:52:50Z
https://hawar.org,hawar.org,,UNK,200,discovered,discovered,SSL warning,2026-02-12 14:58:35
https://hawarcenter.com,hawarcenter.com,,EN,200,variation,news_media,SSL warning,2026-02-12 15:16:09
https://hawarnet.com,hawarnet.com,,UNK,200,variation,news_media,,2026-02-12 15:05:53
https://hawarnews.com/,hawarnews.com,Just a moment...,EN,403,known_media,news_media,ANHA news agency,2026-02-12T14:52:50Z
https://hawija.com,hawija.com,,UNK,200,variation,general,,2026-02-12 15:16:09
https://hawlati.co/,hawlati.co,هاوڵاتی - سەرەکی,CKB,200,known_media,news_media,Hawlati newspaper,2026-02-12T14:52:50Z
https://hawler.com,hawler.com,,UNK,200,variation,general,,2026-02-12 15:05:53
https://hawler.info/,hawler.info,,UNK,200,ecommerce,ecommerce,Hawler city info,2026-02-12T14:53:23Z
https://hawler.net,hawler.net,,UNK,200,variation,general,,2026-02-12 15:05:54
https://hawlergov.org/,hawlergov.org,Just a moment...,EN,403,government,government,Hawler Governorate,2026-02-12T14:53:08Z
https://hawpshti.com/,hawpshti.com,index - Hawpshti,CKB,200,blogs,blogs,Hawpshti,2026-02-12T14:53:32Z
https://hawpshti.org,hawpshti.org,,UNK,200,variation,general,,2026-02-12 15:16:09
https://hawramani.com/,hawramani.com,Ikram Hawramani's Website,"AR, FA",200,religious,religious,Hawramani Islamic studies,2026-02-12T14:53:21Z
https://hawrami.net,hawrami.net,Coming Soon,HAW,200,discovered,discovered,,2026-02-12 14:58:35
https://hazronews.com,hazronews.com,,UNK,200,variation,news_media,,2026-02-12 15:16:10
https://health.gov.krd/,health.gov.krd,,UNK,,government,government,Ministry of Health,2026-02-12T14:53:08Z
https://hevallo.com/,hevallo.com,,UNK,,blogs,blogs,Hevallo blog,2026-02-12T14:53:31Z
https://hewal.com,hewal.com,,UNK,200,variation,general,,2026-02-12 15:16:10
https://hewal.org,hewal.org,Kaliteli IRC Sohbet – Hewal.org | Bedava Sohbet Odaları & Mobil Chat,TR,200,variation,general,,2026-02-12 15:16:10
https://hewaltech.com,hewaltech.com,HeWalTech - HeWalTech,TR,200,variation,technology,,2026-02-12 15:16:11
https://hewler.com,hewler.com,Unlocking the Power of Hewler: A Guide to [Topic],EN,200,discovered,discovered,SSL warning,2026-02-12 14:58:35
https://hfrk.com,hfrk.com,,UNK,200,discovered,discovered,,2026-02-12 14:58:35
https://hfrk.net,hfrk.net,Home - Hengfeng Ruike Custom Embedded Designs & Manufacturing Solutions,EN,200,discovered,discovered,,2026-02-12 14:58:35
https://hih-iq.com/,hih-iq.com,HIH | Health International Hospital – نەخۆشخانەی هێڵس ئینتەرناشناڵ,EN,200,health,health,HIH Iraq hospital,2026-02-12T14:53:28Z
https://hmu.edu.krd/,hmu.edu.krd,Hawler Medical University - Hawler Medical University,EN,200,universities,education,Hawler Medical University,2026-02-12T14:53:14Z
https://hozat.com,hozat.com,,UNK,200,variation,general,,2026-02-12 15:16:11
https://hpg-online.com/,hpg-online.com,,UNK,,political_parties,political_parties,HPG online,2026-02-12T14:53:13Z
https://huj.uoh.edu.iq,huj.uoh.edu.iq,Halabja University Journal,EN,200,crawl,education,,2026-02-12 15:16:12
https://icpahd.epu.edu.iq,icpahd.epu.edu.iq,ICPAHD 2025 | EPU – International Conference on Pharmaceutical and applied Healthcare Development,EN,200,crawl,education,,2026-02-12 15:05:54
https://identity.lfu.edu.krd,identity.lfu.edu.krd,- LFU,UNK,200,discovered,discovered,,2026-02-12 14:58:35
https://idil.org,idil.org,,UNK,200,variation,general,,2026-02-12 15:16:12
https://idilnews.com,idilnews.com,Idil News – idilnews.com,EN,200,variation,news_media,,2026-02-12 15:16:12
https://idilonline.com,idilonline.com,İdilonline – Blog,TR,200,variation,general,,2026-02-12 15:16:12
https://ijsses.tiu.edu.iq,ijsses.tiu.edu.iq,International Journal of Social Sciences & Educational Studies,EN,200,crawl,education,,2026-02-12 15:05:55
https://ilam.com,ilam.com,,UNK,403,variation,general,,2026-02-12 15:05:55
https://ilam.net,ilam.net,,UNK,200,variation,general,,2026-02-12 15:05:55
https://ilam.org,ilam.org,Bienvenido al ILAM - ILAM,TR,200,variation,general,,2026-02-12 15:05:56
https://ilampress.com,ilampress.com,,UNK,200,variation,news_media,,2026-02-12 15:05:56
https://ilamtv.com,ilamtv.com,ilamtv,TR,200,variation,tv_radio,,2026-02-12 15:05:57
https://inet.tiu.edu.iq,inet.tiu.edu.iq,,UNK,500,crawl,education,,2026-02-12 15:16:13
https://inkdrop.net/news/kurdistan,inkdrop.net,,UNK,503,known_media,news_media,Inkdrop Kurdistan news,2026-02-12T14:52:51Z
https://institutkurde.org/,institutkurde.org,Fondation Institut kurde de Paris,KMR,200,cultural,cultural,Institut Kurde de Paris,2026-02-12T14:53:15Z
https://irbil.com,irbil.com,,UNK,200,variation,general,SSL warning,2026-02-12 15:16:13
https://irbil.net,irbil.net,,UNK,200,variation,general,,2026-02-12 15:16:13
https://irbil.org,irbil.org,irbil.org - This website is for sale! - irbil Resources and Information.,EN,200,variation,general,,2026-02-12 15:16:13
https://iro.tiu.edu.iq,iro.tiu.edu.iq,Home - IRO,EN,200,crawl,education,,2026-02-12 15:05:58
https://ishik.edu.iq/,ishik.edu.iq,,UNK,,universities,education,Ishik University,2026-02-12T14:53:15Z
https://islamkurd.com/,islamkurd.com,,UNK,200,religious,religious,Islam Kurd,2026-02-12T14:53:21Z
https://jin.io,jin.io,,UNK,200,variation,general,,2026-02-12 15:05:58
https://jin.tv,jin.tv,,UNK,200,variation,tv_radio,,2026-02-12 15:05:58
https://jinblog.org,jinblog.org,jin blog,EN,200,variation,blogs,,2026-02-12 15:05:58
https://jindev.com,jindev.com,,UNK,200,variation,technology,,2026-02-12 15:16:13
https://jindev.net,jindev.net,,UNK,403,variation,technology,,2026-02-12 15:16:14
https://jinfilm.com,jinfilm.com,AG真人国际·(中国区)官方网站-旗舰厅入口,KMR,200,variation,culture_arts,SSL warning,2026-02-12 15:16:14
https://jinfm.com,jinfm.com,JinFm.com is for sale | HugeDomains,EN,200,variation,tv_radio,,2026-02-12 15:05:59
https://jinfm.net,jinfm.net,ä¸å»é¯¨é¸,UNK,200,variation,tv_radio,,2026-02-12 15:05:59
https://jinhaagency.com/,jinhaagency.com,,UNK,,blogs,blogs,Jinha Agency,2026-02-12T14:53:31Z
https://jinhealth.com,jinhealth.com,JinHealth.com is for sale | HugeDomains,EN,200,variation,health,SSL warning,2026-02-12 15:16:14
https://jinlife.com/,jinlife.com,,UNK,,blogs,blogs,Jin Life,2026-02-12T14:53:31Z
https://jinmag.com,jinmag.com,jinmag.com —  Domain default page,EN,200,variation,general,,2026-02-12 15:05:59
https://jinmagazine.com,jinmagazine.com,JinMagazine.com is for sale | HugeDomains,EN,200,variation,general,,2026-02-12 15:05:59
https://jinmarket.com,jinmarket.com,진마켓,EN/TR/KMR,200,variation,ecommerce,,2026-02-12 15:16:14
https://jinmedia.com,jinmedia.com,,UNK,200,discovered,discovered,,2026-02-12 14:58:35
https://jinmusic.com,jinmusic.com,,UNK,200,variation,culture_arts,,2026-02-12 15:16:14
https://jinnet.com,jinnet.com,金网JinNet-外汇黄金新闻|实时行情与交易知识学习平台,KMR,200,variation,general,,2026-02-12 15:05:59
https://jinnews.com.tr/,jinnews.com.tr,,UNK,,blogs,blogs,JinNews Turkey,2026-02-12T14:53:31Z
https://jinnews.net,jinnews.net,JINNEWS,TR/KMR,200,discovered,discovered,,2026-02-12 14:58:35
https://jinonline.com,jinonline.com,,UNK,200,variation,general,,2026-02-12 15:05:59
https://jinpost.com,jinpost.com,JinPost.com is for sale | HugeDomains,EN,200,variation,general,,2026-02-12 15:05:59
https://jinshop.com,jinshop.com,jinshop.com - This website is for sale! - jinshop Resources and Information.,EN,200,variation,ecommerce,,2026-02-12 15:16:14
https://jinsport.com,jinsport.com,JinSport.com is for sale | HugeDomains,EN,200,variation,sports,,2026-02-12 15:16:15
https://jinstore.com,jinstore.com,JinStore.com is for sale | HugeDomains,EN,200,variation,ecommerce,SSL warning,2026-02-12 15:16:15
https://jintech.com,jintech.com,Jin Technologies Private Limited – Jintech,EN,200,variation,technology,,2026-02-12 15:16:15
https://jintravel.com,jintravel.com,,KMR,200,variation,tourism,SSL warning,2026-02-12 15:16:15
https://jintv.net,jintv.net,/ku/,EN,200,variation,tv_radio,,2026-02-12 15:06:00
https://jintv.org/,jintv.org,,UNK,,tv_channels,tv_channels,Jin TV,2026-02-12T14:53:06Z
https://jinweb.com,jinweb.com,JinWeb.com is for sale | HugeDomains,EN,200,variation,general,,2026-02-12 15:06:00
https://jiyan.com,jiyan.com,,UNK,200,variation,general,,2026-02-12 15:06:00
https://jiyan.info,jiyan.info,Hosted By One.com | Webhosting made simple,TR/KMR,200,variation,general,,2026-02-12 15:06:01
https://jiyan.news,jiyan.news,Jiyan News - Hakikatin Peşinde,TR,200,variation,news_media,,2026-02-12 15:16:15
https://jiyan.org,jiyan.org,Home - Jiyan Foundation For Human Rights,EN,200,variation,general,,2026-02-12 15:06:01
https://jiyanblog.com,jiyanblog.com,基岩博客是一个专注于知识分享、生活感悟与文化探索的综合平台,KMR,200,variation,blogs,,2026-02-12 15:06:01
https://jiyanpress.com/,jiyanpress.com,,UNK,,known_media,news_media,Jiyan Press,2026-02-12T14:52:50Z
https://jiyanstore.com,jiyanstore.com,Jiyan LLC | Smart Living Solutions – Enhancing Lives with Modern & Trusted Products,EN,200,variation,ecommerce,SSL warning,2026-02-12 15:16:15
https://jiyantech.com,jiyantech.com,JiyanTech,EN,200,variation,technology,,2026-02-12 15:16:16
https://journal.lfu.edu.krd,journal.lfu.edu.krd,Index of /,UNK,200,discovered,discovered,,2026-02-12 14:58:35
https://journals.cihanuniversity.edu.iq,journals.cihanuniversity.edu.iq,Portal of Cihan University-Erbil Scientific Journals,EN,200,crawl,education,,2026-02-12 15:16:16
https://journals.epu.edu.iq,journals.epu.edu.iq,Mitanni Journal of Humanitarian Sciences,EN,200,crawl,education,,2026-02-12 15:06:01
https://journals.soran.edu.iq,journals.soran.edu.iq,Twejer Journal,EN,200,crawl,education,,2026-02-12 15:06:01
https://journals.tiu.edu.iq,journals.tiu.edu.iq,Home - TIU JOURNALS,EN,200,crawl,education,,2026-02-12 15:06:02
https://journals.uhd.edu.iq,journals.uhd.edu.iq,Portal of UHD Academic Journals,EN,200,crawl,education,,2026-02-12 15:06:02
https://jwan.org,jwan.org,,UNK,200,discovered,discovered,,2026-02-12 14:58:35
https://jwanpress.com/,jwanpress.com,,UNK,,known_media,news_media,Jwan Press,2026-02-12T14:52:51Z
https://kalar.com,kalar.com,,EN,200,variation,general,,2026-02-12 15:06:02
https://kamyaran.com,kamyaran.com,kamyaran.com,EN,200,variation,general,,2026-02-12 15:06:02
https://kangavar.com,kangavar.com,kangavar.com,EN,200,variation,general,SSL warning,2026-02-12 15:16:16
https://kanipedia.org/,kanipedia.org,,UNK,,cultural,cultural,Kanipedia,2026-02-12T14:53:19Z
https://kaniyanews.com/,kaniyanews.com,,UNK,,religious,religious,Kaniya News,2026-02-12T14:53:21Z
https://karliova.com,karliova.com,Karliova.com is for sale | HugeDomains,EN,200,variation,general,SSL warning,2026-02-12 15:16:16
https://karwan.tv/,karwan.tv,kurdish TV channels live streaming -www.Karwan.TV,EN,200,tv_channels,tv_channels,Karwan TV,2026-02-12T14:53:07Z
https://kawapress.com,kawapress.com,知らぬが仏の座 – ケチ男の世渡りライフハック,TR,200,variation,news_media,,2026-02-12 15:06:02
https://kayapinar.com,kayapinar.com,,UNK,200,variation,general,,2026-02-12 15:16:16
https://kck-info.com/,kck-info.com,Just a moment...,EN,403,political_parties,political_parties,KCK info,2026-02-12T14:53:12Z
https://kdp.info/,kdp.info,,UNK,,political_parties,political_parties,Kurdistan Democratic Party,2026-02-12T14:53:09Z
https://kdppress.org,kdppress.org,Kurdistan Democratic Party of Iran,UNK,200,discovered,discovered,,2026-02-12 14:58:35
https://kdsp.org/,kdsp.org,,UNK,200,political_parties,political_parties,Kurdistan Democratic Solution Party,2026-02-12T14:53:10Z
https://kerkuk-kurdistan.com,kerkuk-kurdistan.com,,UNK,200,discovered,discovered,,2026-02-12 14:58:35
https://kerkuk.info,kerkuk.info,TÃ¼rkmen Kerkuk,UNK,200,variation,general,,2026-02-12 15:06:02
https://kerkuk.net,kerkuk.net,M98 คาสิโนออนไลน์ สล็อต บาคาร่า แทงบอล | Kerkuk Gaming Oasis,UNK,200,variation,general,,2026-02-12 15:06:03
https://kermanshah.com,kermanshah.com,kermanshah.com,EN,200,variation,general,,2026-02-12 15:06:03
https://khakpress.com/,khakpress.com,,UNK,,known_media,news_media,Khak Press,2026-02-12T14:52:51Z
https://khrp.org/,khrp.org,KHRP | Kurdish Human Rights Project,"EN, KMR",200,cultural,cultural,Kurdish Human Rights Project,2026-02-12T14:53:19Z
https://kirkuk.com,kirkuk.com,,UNK,200,variation,general,,2026-02-12 15:06:03
https://kirkuk.krd,kirkuk.krd,kirkuk.krd — Premium Domain for Sale,EN,200,discovered,discovered,,2026-02-12 14:58:35
https://kirkuk.org,kirkuk.org,Kirkuk.org - For Sale,EN,200,discovered,discovered,,2026-02-12 14:58:35
https://kirkuknow.com/,kirkuknow.com,كه‌ركوك ناو,CKB,200,known_media,news_media,Kirkuk-focused news,2026-02-12T14:52:50Z
https://kirkukpost.com,kirkukpost.com,Kirkuk Post,EN,200,variation,general,,2026-02-12 15:06:03
https://kirkukpost.net,kirkukpost.net,Kirkuk Post – Media Network,CKB/AR,200,variation,general,,2026-02-12 15:06:03
https://kiziltepe.net,kiziltepe.net,,UNK,200,variation,general,,2026-02-12 15:16:16
https://kmewo.com/,kmewo.com,,UNK,,diaspora,diaspora,KMEWO Kurdish women,2026-02-12T14:53:27Z
https://knnc.net/,knnc.net,,UNK,,known_media,news_media,KNN news channel,2026-02-12T14:52:50Z
https://knowledge.edu.krd/,knowledge.edu.krd,,UNK,,universities,education,Knowledge University,2026-02-12T14:53:15Z
https://knu.edu.iq/,knu.edu.iq,Just a moment...,EN,403,universities,education,Kurdistan National University,2026-02-12T14:53:15Z
https://kobane.com/,kobane.com,,UNK,200,diaspora,diaspora,Kobane community,2026-02-12T14:53:25Z
https://kobani.com,kobani.com,,UNK,200,variation,general,,2026-02-12 15:06:03
https://kobani.net,kobani.net,صوت شباب كردستان,AR,200,variation,general,,2026-02-12 15:06:03
https://kobani.org,kobani.org,صوت شباب كردستان,AR,200,variation,general,,2026-02-12 15:06:03
https://kobanikurd.com,kobanikurd.com,WIKISLOT: Situs Slot Online Yang Menyediakan Game Slot Gacor Dengan RTP 99%,TR,200,variation,general,,2026-02-12 15:06:03
https://kohrw.org/,kohrw.org,KOHRW,EN,200,ngo,ngo,Kurdistan Organization for Human Rights Watch,2026-02-12T14:53:27Z
https://komal.com,komal.com,"Komal •  Business Strategist, Interviewer, Resilience Educator & Impact Investor",UNK,200,variation,general,SSL warning,2026-02-12 15:16:16
https://komal.me,komal.me,,UNK,200,variation,general,,2026-02-12 15:16:16
https://komal.org/,komal.org,,UNK,200,political_parties,political_parties,Kurdistan Islamic Group,2026-02-12T14:53:09Z
https://komal.tv,komal.tv,,UNK,200,variation,tv_radio,SSL warning,2026-02-12 15:16:16
https://komal.xyz,komal.xyz,Komal.xyz for sale | Spaceship.com,EN,200,variation,general,,2026-02-12 15:16:17
https://komala.com,komala.com,دەستپێک - Komala Party of Iranian Kurdistan,CKB,200,variation,political,,2026-02-12 15:16:17
https://komala.info,komala.info,,UNK,200,variation,political,,2026-02-12 15:16:17
https://komala.me,komala.me,Komala.Me,EN,200,variation,political,,2026-02-12 15:16:17
https://komala.org/,komala.org,پێگەی فەرمی حیزبی کۆمەڵە,CKB,200,political_parties,political_parties,Komala Party,2026-02-12T14:53:10Z
https://komalacenter.com,komalacenter.com,Komala,EN,200,variation,political,SSL warning,2026-02-12 15:16:17
https://komalahub.com,komalahub.com,Komala Hub – Le Marketing au coeur de votre activité,EN/TR/KMR,200,variation,political,SSL warning,2026-02-12 15:16:17
https://komalanews.com,komalanews.com,komalanews.com - Tajam & Terpecaya,TR,200,variation,news_media,,2026-02-12 15:16:17
https://komalhealth.com,komalhealth.com,Komal Health Care Pvt Ltd in  Mumbai,EN,200,variation,health,,2026-02-12 15:16:17
https://komalmusic.com,komalmusic.com,,EN,200,variation,culture_arts,,2026-02-12 15:16:18
https://komalmusic.net,komalmusic.net,komalmusic,EN,200,variation,culture_arts,,2026-02-12 15:16:18
https://komalnet.com,komalnet.com,,UNK,200,variation,general,,2026-02-12 15:16:19
https://komalnews.org,komalnews.org,,UNK,200,variation,news_media,,2026-02-12 15:16:19
https://komaltech.com,komaltech.com,Your domain is suspended,UNK,200,variation,technology,,2026-02-12 15:16:19
https://komaltravel.com,komaltravel.com,Komal Travel,EN,200,variation,tourism,,2026-02-12 15:16:19
https://komar.edu.iq/,komar.edu.iq,KUST,EN,200,universities,education,Komar University,2026-02-12T14:53:15Z
https://komela.org,komela.org,,EN,200,discovered,discovered,,2026-02-12 14:58:35
https://komelakurdistan.org/,komelakurdistan.org,,UNK,,political_parties,political_parties,Komala Party of Iranian Kurdistan,2026-02-12T14:53:10Z
https://komkar.com,komkar.com,Komkar.com is for sale | HugeDomains,EN,200,discovered,discovered,,2026-02-12 14:58:35
https://kongrakurdistan.net/,kongrakurdistan.net,503 Service Temporarily Unavailable,KMR,503,political_parties,political_parties,Kongra Kurdistan,2026-02-12T14:53:12Z
https://koord.com/,koord.com,KOORD.com - Link to Kurdish websites,KMR,200,cultural,cultural,Koord.com,2026-02-12T14:53:20Z
https://kordestan.com,kordestan.com,Personal Website for Majed Mirzaie,EN,200,discovered,discovered,,2026-02-12 14:58:35
https://korek.com,korek.com,The Micheal & Ina Korek Foundation,UNK,200,variation,general,,2026-02-12 15:16:20
https://korek.org,korek.org,The Micheal & Ina Korek Foundation,UNK,200,discovered,discovered,,2026-02-12 14:58:35
https://korekgroup.com,korekgroup.com,Coming Soon,UNK,200,variation,general,,2026-02-12 15:16:20
https://korekmusic.com,korekmusic.com,,UNK,200,variation,culture_arts,,2026-02-12 15:16:21
https://koreksat.tv/,koreksat.tv,,UNK,,tv_channels,tv_channels,Korek Sat TV,2026-02-12T14:53:06Z
https://koreksport.com,koreksport.com,,UNK,200,variation,sports,,2026-02-12 15:16:21
https://korektv.com,korektv.com,KorekTv.com is for sale | HugeDomains,EN,200,variation,tv_radio,,2026-02-12 15:16:21
https://koyauniversity.org/,koyauniversity.org,Home | Koya University,"CKB, EN",200,universities,education,Koya University,2026-02-12T14:53:15Z
https://krg.org/,krg.org,,UNK,,government,government,KRG international site,2026-02-12T14:53:07Z
https://krmanj.org/,krmanj.org,,UNK,,cultural,cultural,Krmanj.org Kurmanji resources,2026-02-12T14:53:18Z
https://krso.gov.krd/,krso.gov.krd,ده‌سته‌ى ئامارى هه‌رێمى كوردستان,CKB,200,government,government,Kurdistan Region Statistics Office,2026-02-12T14:53:08Z
https://ku.wikipedia.org/,ku.wikipedia.org,Wîkîpediya,KMR,200,cultural,cultural,Wikipedia Kurmanji Kurdish,2026-02-12T14:53:16Z
https://ku.wiktionary.org/,ku.wiktionary.org,Wîkîferheng,KMR,200,cultural,cultural,Wiktionary Kurmanji Kurdish,2026-02-12T14:53:16Z
https://kulp.net,kulp.net,,UNK,200,variation,general,,2026-02-12 15:16:21
https://kulp.org,kulp.org,,UNK,CONN_ERR,variation,general,,2026-02-12 15:16:21
https://kurd.cc/,kurd.cc,,UNK,,cultural,cultural,Kurd.cc,2026-02-12T14:53:16Z
https://kurd.info,kurd.info,KURD INFO,EN,200,discovered,discovered,,2026-02-12 14:58:35
https://kurd.io/,kurd.io,,UNK,200,tech,technology,Kurd.io tech platform,2026-02-12T14:53:29Z
https://kurd.land,kurd.land,KURD.LAND – Digital Platforms For NATION-BUILDING Infrastructure & KURDISTAN State,EN,200,crawl,general,,2026-02-12 15:06:03
https://kurd.me,kurd.me,,UNK,200,discovered,discovered,,2026-02-12 14:58:35
https://kurd.news,kurd.news,,UNK,200,discovered,discovered,,2026-02-12 14:58:35
https://kurd.org/,kurd.org,"For Kurds, By Kurds. - Since 1996",EN,200,cultural,cultural,Kurd.org,2026-02-12T14:53:19Z
https://kurd.site,kurd.site,joint control,AR,200,variation,general,,2026-02-12 15:16:22
https://kurd.store/,kurd.store,,UNK,200,ecommerce,ecommerce,Kurd Store,2026-02-12T14:53:23Z
https://kurd.xyz,kurd.xyz,,UNK,200,variation,general,,2026-02-12 15:06:03
https://kurd1.com,kurd1.com,Kurd1 TV - Televîzyona kurdî ya serbixwe,KMR,200,discovered,discovered,,2026-02-12 14:58:36
https://kurd1.tv/,kurd1.tv,,UNK,,tv_channels,tv_channels,Kurd1 TV,2026-02-12T14:53:06Z
https://kurd1fm.com/,kurd1fm.com,,UNK,,radio_stations,radio,Kurd1 FM,2026-02-12T14:53:07Z
https://kurd24.net,kurd24.net,Kurd24,CKB,200,discovered,discovered,,2026-02-12 14:58:36
https://kurdane.com,kurdane.com,Radio Website Kurdane – Radio Website Kurdane,FA,200,crawl,general,,2026-02-12 15:06:04
https://kurdbazar.com,kurdbazar.com,KurdBazar.com is for sale | HugeDomains,EN,200,discovered,discovered,,2026-02-12 14:58:36
https://kurdblogger.com/,kurdblogger.com,KurdBlogger.com is for sale | HugeDomains,EN,200,blogs,blogs,Kurd Blogger,2026-02-12T14:53:29Z
https://kurdch.tv,kurdch.tv,Kurdch,CKB/EN,200,discovered,discovered,,2026-02-12 14:58:36
https://kurdchannel.tv/,kurdchannel.tv,,UNK,,tv_channels,tv_channels,Kurd Channel TV,2026-02-12T14:53:07Z
https://kurdcinama.com,kurdcinama.com,کوردسینەما | Kurd Cinema,CKB/KMR,200,discovered,discovered,,2026-02-12 14:58:36
https://kurddaily.com,kurddaily.com,KurdDaily.com - News Domains for Sale - Buy Premium Media & Journalism Domain Names | Domain for Sale. Call 888-694-6735.,EN,200,variation,general,,2026-02-12 15:06:04
https://kurddev.com/,kurddev.com,,UNK,,tech,technology,KurdDev developer community,2026-02-12T14:53:29Z
https://kurdfilm.com,kurdfilm.com,KurdFilm.com is for sale | HugeDomains,EN,200,discovered,discovered,,2026-02-12 14:58:36
https://kurdfm.com,kurdfm.com,,UNK,200,variation,tv_radio,,2026-02-12 15:06:04
https://kurdfood.com,kurdfood.com,info,UNK,200,discovered,discovered,,2026-02-12 14:58:37
https://kurdforum.com/,kurdforum.com,,UNK,,blogs,blogs,Kurd Forum,2026-02-12T14:53:29Z
https://kurdgroup.com,kurdgroup.com,kurdgroup.com - This website is for sale! - kurdgroup Resources and Information.,EN,200,variation,general,,2026-02-12 15:16:22
https://kurdhealth.com,kurdhealth.com,KurdHealth.com is for sale | HugeDomains,EN,200,discovered,discovered,,2026-02-12 14:58:37
https://kurdhub.com,kurdhub.com,,UNK,200,variation,general,,2026-02-12 15:16:22
https://kurdhub.org,kurdhub.org,lana omer,EN,200,variation,general,,2026-02-12 15:16:22
https://kurdi.com/,kurdi.com,Kurdi.com,EN,200,cultural,cultural,Kurdi.com cultural portal,2026-02-12T14:53:16Z
https://kurdi.info,kurdi.info,Kurdi.info - Kurdish Language Learning  - فێر بوونی زمانی كوردی,KMR,200,discovered,discovered,,2026-02-12 14:58:37
https://kurdi.io,kurdi.io,Ahmad El Kordi - Senior Full Stack Engineer,EN,200,discovered,discovered,,2026-02-12 14:58:37
https://kurdi.krd,kurdi.krd,پرۆژە زانستیەکانی زمان، ئەدەب و کولتووری کورد,CKB,200,discovered,discovered,SSL warning,2026-02-12 14:58:38
https://kurdi.me,kurdi.me,,UNK,200,discovered,discovered,SSL warning,2026-02-12 14:58:38
https://kurdi.net,kurdi.net,,UNK,200,discovered,discovered,,2026-02-12 14:58:38
https://kurdi.tv,kurdi.tv,Kurdi TV – Kurdî TV Zindî,KMR/EN/TR,200,discovered,discovered,,2026-02-12 14:58:38
https://kurdi.wikibase.cloud,kurdi.wikibase.cloud,Making sure you're not a bot!,EN,200,discovered,discovered,,2026-02-12 14:58:39
https://kurdi.xyz,kurdi.xyz,Kurdi.xyz for sale | Spaceship.com,EN,200,variation,general,,2026-02-12 15:06:05
https://kurdicenter.com,kurdicenter.com,خانه - کوردی سنتر,CKB/FA/HAW,200,variation,general,,2026-02-12 15:16:22
https://kurdigroup.com,kurdigroup.com,KurdiGroup.com is for sale | HugeDomains,EN,200,variation,general,SSL warning,2026-02-12 15:16:22
https://kurdihub.net,kurdihub.net,kurdihub.net,EN/KMR,200,variation,general,SSL warning,2026-02-12 15:16:23
https://kurdilit.net/,kurdilit.net,KurdîLit | KurdîLit,KMR,200,cultural,cultural,Kurdish literature,2026-02-12T14:53:20Z
https://kurdinet.com,kurdinet.com,KurdiNet,EN,200,variation,general,,2026-02-12 15:06:05
https://kurdinfo.com,kurdinfo.com,,UNK,TIMEOUT,variation,general,,2026-02-12 15:06:05
https://kurdionline.com,kurdionline.com,Anasayfa - kurdionline.com,TR,200,variation,general,,2026-02-12 15:06:06
https://kurdipedia.org/,kurdipedia.org,,UNK,,cultural,cultural,Kurdipedia encyclopedia,2026-02-12T14:53:15Z
https://kurdisch-lernen.de,kurdisch-lernen.de,Adar Schule - Kurdisch lernen,EN,200,crawl,general,,2026-02-12 15:16:23
https://kurdish.com,kurdish.com,,UNK,200,discovered,discovered,,2026-02-12 14:58:41
https://kurdish.info,kurdish.info,,UNK,200,discovered,discovered,,2026-02-12 14:58:41
https://kurdish.io,kurdish.io,"KU Studio - Share Code, Inspire Developers",KMR,200,discovered,discovered,,2026-02-12 14:58:41
https://kurdish.me,kurdish.me,,UNK,200,discovered,discovered,,2026-02-12 14:58:41
https://kurdish.net,kurdish.net,,UNK,200,discovered,discovered,,2026-02-12 14:58:41
https://kurdish.org,kurdish.org,American Kurdish Network,EN,200,discovered,discovered,,2026-02-12 14:58:42
https://kurdish.xyz,kurdish.xyz,Rumi Mamedov - Dagestan Final Boss,EN,200,variation,general,,2026-02-12 15:06:06
https://kurdishacademy.org/,kurdishacademy.org,Kurdish Academy of Language | enables the Kurdish language in new horizons,"EN, KMR",200,cultural,cultural,Kurdish Academy of Language,2026-02-12T14:53:15Z
https://kurdishcentral.org/,kurdishcentral.org,Welcome to Kurdish Central! - Kurdish Central,EN,200,cultural,cultural,Kurdish Central,2026-02-12T14:53:20Z
https://kurdishcentre.com/,kurdishcentre.com,Attention Required! | Cloudflare,EN,403,cultural,cultural,Kurdish Centre,2026-02-12T14:53:19Z
https://kurdishcinema.com/,kurdishcinema.com,,UNK,200,cultural,cultural,Kurdish cinema,2026-02-12T14:53:17Z
https://kurdishculture.com/,kurdishculture.com,,UNK,,cultural,cultural,Kurdish Culture,2026-02-12T14:53:19Z
https://kurdishdailynews.com/,kurdishdailynews.com,,UNK,,blogs,blogs,Kurdish Daily News,2026-02-12T14:53:31Z
https://kurdishfilm.com/,kurdishfilm.com,,UNK,200,cultural,cultural,Kurdish film,2026-02-12T14:53:17Z
https://kurdishfm.com,kurdishfm.com,Kurdish Radio,EN,200,variation,tv_radio,,2026-02-12 15:06:07
https://kurdishglobe.net/,kurdishglobe.net,,UNK,,known_media,news_media,Kurdish Globe,2026-02-12T14:52:50Z
https://kurdishgroup.com,kurdishgroup.com,KurdishGroup.com is for sale | HugeDomains,EN,200,variation,general,,2026-02-12 15:16:23
https://kurdishheritage.org/,kurdishheritage.org,,UNK,,cultural,cultural,Kurdish Heritage Foundation,2026-02-12T14:53:19Z
https://kurdishinstitute.be/,kurdishinstitute.be,,UNK,,diaspora,diaspora,Kurdish Institute Brussels,2026-02-12T14:53:23Z
https://kurdishinstitute.org/,kurdishinstitute.org,,UNK,503,diaspora,diaspora,Kurdish Institute,2026-02-12T14:53:26Z
https://kurdishjournalists.com/,kurdishjournalists.com,,UNK,,diaspora,diaspora,Kurdish Journalists,2026-02-12T14:53:26Z
https://kurdishlessons.com/,kurdishlessons.com,Online Kurdish Kurmanji Courses - Kurdish Kurmanji Lessons,"KMR, EN",200,cultural,cultural,Kurdish Lessons,2026-02-12T14:53:20Z
https://kurdishlobby.com/,kurdishlobby.com,,UNK,,cultural,cultural,Kurdish Lobby,2026-02-12T14:53:19Z
https://kurdishlyrics.com/,kurdishlyrics.com,,UNK,,cultural,cultural,Kurdish song lyrics,2026-02-12T14:53:16Z
https://kurdishmedia.com/,kurdishmedia.com,,UNK,503,diaspora,diaspora,Kurdish Media,2026-02-12T14:53:23Z
https://kurdishmusic.com,kurdishmusic.com,,UNK,200,variation,culture_arts,,2026-02-12 15:16:24
https://kurdishmusic.eu/,kurdishmusic.eu,,KMR,503,cultural,cultural,Kurdish music archive,2026-02-12T14:53:16Z
https://kurdishmusic.net,kurdishmusic.net,,UNK,404,variation,culture_arts,,2026-02-12 15:16:24
https://kurdishmusic.org,kurdishmusic.org,Default page,EN,200,variation,culture_arts,,2026-02-12 15:16:24
https://kurdishnews.com/,kurdishnews.com,,UNK,,diaspora,diaspora,Kurdish News,2026-02-12T14:53:26Z
https://kurdishonline.org,kurdishonline.org,Adar Schule - Kurdisch lernen,EN,200,variation,general,,2026-02-12 15:06:07
https://kurdishop.com,kurdishop.com,,UNK,200,variation,ecommerce,,2026-02-12 15:16:24
https://kurdishpeace.org/,kurdishpeace.org,,UNK,,diaspora,diaspora,Kurdish Peace,2026-02-12T14:53:27Z
https://kurdishpeople.org/,kurdishpeople.org,KurdishPeople.Org - Who are the Kurds?,"EN, KMR",200,cultural,cultural,Kurdish People,2026-02-12T14:53:20Z
https://kurdishproject.org/,kurdishproject.org,,UNK,,cultural,cultural,The Kurdish Project,2026-02-12T14:53:19Z
https://kurdishquestion.com/,kurdishquestion.com,Attention Required! | Cloudflare,EN,403,diaspora,diaspora,The Kurdish Question,2026-02-12T14:53:23Z
https://kurdishradio.com,kurdishradio.com,,UNK,200,variation,tv_radio,SSL warning,2026-02-12 15:06:07
https://kurdishradio.net,kurdishradio.net,Kurdish Radio - ڕادیۆی کوردی,CKB,200,variation,tv_radio,,2026-02-12 15:06:08
https://kurdishrights.org/,kurdishrights.org,,UNK,,cultural,cultural,Kurdish Rights,2026-02-12T14:53:19Z
https://kurdishshop.com,kurdishshop.com,Kurdische Kleidung – KurdishShop.com,KMR,200,variation,ecommerce,,2026-02-12 15:16:24
https://kurdishstudies.net/,kurdishstudies.net,,UNK,,cultural,cultural,Kurdish Studies journal,2026-02-12T14:53:19Z
https://kurdishtv.com,kurdishtv.com,,UNK,200,variation,tv_radio,,2026-02-12 15:06:08
https://kurdishvoice.com,kurdishvoice.com,KurdishVoice.com is for sale | HugeDomains,EN,200,variation,general,,2026-02-12 15:06:08
https://kurdishvoice.net,kurdishvoice.net,,UNK,200,variation,general,,2026-02-12 15:06:09
https://kurdisite.com,kurdisite.com,Kurdisite – Kurdish Christian Resources,EN,200,variation,general,,2026-02-12 15:06:09
https://kurdistan-report.de/,kurdistan-report.de,Startseite - Kurdistan Report,KMR,200,diaspora,diaspora,Kurdistan Report Germany,2026-02-12T14:53:23Z
https://kurdistan-store.com/,kurdistan-store.com,"Kurdistan Store - Kurdish Gifts and Goods for Kurds Internationally
 – Kurdistan Shop","EN, KMR",200,ecommerce,ecommerce,Kurdistan Store,2026-02-12T14:53:22Z
https://kurdistan.co.uk/,kurdistan.co.uk,,UNK,503,diaspora,diaspora,Kurdistan UK,2026-02-12T14:53:23Z
https://kurdistan.com,kurdistan.com,,UNK,200,discovered,discovered,,2026-02-12 14:58:42
https://kurdistan.me,kurdistan.me,Asan Saz Inspection  Corporation,EN,200,discovered,discovered,,2026-02-12 14:58:42
https://kurdistan.media,kurdistan.media,,UNK,200,discovered,discovered,,2026-02-12 14:58:42
https://kurdistan.news,kurdistan.news,KURDISTAN NEWS – INSIGHTS & ANALYSIS,EN,200,discovered,discovered,,2026-02-12 14:58:42
https://kurdistan.nl/,kurdistan.nl,,KMR,503,diaspora,diaspora,Kurdistan Netherlands,2026-02-12T14:53:23Z
https://kurdistan.online,kurdistan.online,KURDISTAN.ONLINE is under construction,EN,200,variation,general,,2026-02-12 15:16:25
https://kurdistan.org,kurdistan.org,AKIN,EN,200,discovered,discovered,,2026-02-12 14:58:42
https://kurdistan.se/,kurdistan.se,,UNK,,diaspora,diaspora,Kurdistan Sweden,2026-02-12T14:53:24Z
https://kurdistan.site,kurdistan.site,,EN,200,variation,general,SSL warning,2026-02-12 15:16:25
https://kurdistan.tv,kurdistan.tv,KURDISTAN TV – KURDISTAN NATIONAL TELEVISION,EN,200,discovered,discovered,,2026-02-12 14:58:42
https://kurdistan.xyz,kurdistan.xyz,,UNK,200,variation,general,,2026-02-12 15:06:09
https://kurdistan24.net/,kurdistan24.net,Kurdistan24 - کوردستان 24,CKB,200,known_media,news_media,Kurdistan 24 news network,2026-02-12T14:52:50Z
https://kurdistanabinxete.com,kurdistanabinxete.com,,UNK,403,discovered,discovered,,2026-02-12 14:58:42
https://kurdistanamericalatina.org/,kurdistanamericalatina.org,,UNK,,diaspora,diaspora,Kurdistan Latin America,2026-02-12T14:53:26Z
https://kurdistanatlas.kurd.org,kurdistanatlas.kurd.org,Kurdistan Atlas,EN,200,crawl,general,,2026-02-12 15:06:10
https://kurdistanblogcount.wordpress.com/,kurdistanblogcount.wordpress.com,Kurdistan Blog Count | A Blog Counting the Blogs of Kurdistan,"EN, KMR",200,blogs,blogs,Kurdistan Blog Count,2026-02-12T14:53:32Z
https://kurdistancenter.com/,kurdistancenter.com,,UNK,,diaspora,diaspora,Kurdistan Center,2026-02-12T14:53:26Z
https://kurdistanchronicle.com/,kurdistanchronicle.com,,"KMR, EN",200,known_media,news_media,Kurdistan Chronicle,2026-02-12T14:52:51Z
https://kurdistanclinic.com/,kurdistanclinic.com,Kurdistan Medical Clinic,"EN, KMR",200,health,health,Kurdistan Clinic,2026-02-12T14:53:28Z
https://kurdistancommentary.com/,kurdistancommentary.com,,UNK,,cultural,cultural,Kurdistan Commentary,2026-02-12T14:53:19Z
https://kurdistandaily.com,kurdistandaily.com,,UNK,200,variation,general,,2026-02-12 15:06:10
https://kurdistandaily.net,kurdistandaily.net,,UNK,200,variation,general,,2026-02-12 15:06:11
https://kurdistanfirst.com/,kurdistanfirst.com,,UNK,,diaspora,diaspora,Kurdistan First,2026-02-12T14:53:26Z
https://kurdistanfootball.com,kurdistanfootball.com,,UNK,200,variation,sports,,2026-02-12 15:06:11
https://kurdistanforum.de/,kurdistanforum.de,,UNK,,diaspora,diaspora,Kurdistan Forum Germany,2026-02-12T14:53:24Z
https://kurdistangeneration.com/,kurdistangeneration.com,,UNK,,diaspora,diaspora,Kurdistan Generation,2026-02-12T14:53:27Z
https://kurdistanhealth.com,kurdistanhealth.com,KurdistanHealth.com is for sale | HugeDomains,EN,200,variation,health,,2026-02-12 15:06:11
https://kurdistanhealth.org,kurdistanhealth.org,kurdistanhealth.org,EN,200,variation,health,SSL warning,2026-02-12 15:16:25
https://kurdistanhub.com,kurdistanhub.com,,UNK,200,variation,general,,2026-02-12 15:16:25
https://kurdistanhumanrights.org/,kurdistanhumanrights.org,KHRN | Kurdistan Human Rights Network,EN,200,cultural,cultural,Kurdistan Human Rights,2026-02-12T14:53:19Z
https://kurdistanica.com/,kurdistanica.com,,UNK,,cultural,cultural,Kurdistanica encyclopedia,2026-02-12T14:53:16Z
https://kurdistaninfo.com,kurdistaninfo.com,KurdistanInfo.com is for sale | HugeDomains,EN,200,variation,general,,2026-02-12 15:06:12
https://kurdistanmarket.com,kurdistanmarket.com,KurdistanMarket.com is for sale | HugeDomains,EN,200,variation,ecommerce,,2026-02-12 15:16:25
https://kurdistanmedia.com,kurdistanmedia.com,ماڵپەڕی ناوەندیی حیزبی دێموکراتی کوردستانی ئێران,KMR/CKB,200,discovered,discovered,,2026-02-12 14:58:42
https://kurdistanmemory.com/,kurdistanmemory.com,,"KMR, EN",200,cultural,cultural,Kurdistan Memory Programme,2026-02-12T14:53:18Z
https://kurdistannet.com,kurdistannet.com,,UNK,200,variation,general,,2026-02-12 15:06:12
https://kurdistannet.net,kurdistannet.net,کوردستان نێت,CKB,200,variation,general,,2026-02-12 15:16:25
https://kurdistannet.nl,kurdistannet.nl,کوردستان نێت,CKB,200,crawl,general,,2026-02-12 15:06:12
https://kurdistannet.org,kurdistannet.org,کوردستان نێت,CKB,200,discovered,discovered,,2026-02-12 14:58:43
https://kurdistannews.com,kurdistannews.com,,UNK,200,variation,news_media,SSL warning,2026-02-12 15:06:12
https://kurdistannews.net/,kurdistannews.net,,UNK,503,known_media,news_media,Kurdistan News,2026-02-12T14:52:51Z
https://kurdistannow.com,kurdistannow.com,KurdistanNow.com is for sale | HugeDomains,EN,200,variation,general,SSL warning,2026-02-12 15:06:12
https://kurdistanobserver.com,kurdistanobserver.com,Kurdistan - Kurdistan Observer,EN,200,discovered,discovered,,2026-02-12 14:58:43
https://kurdistanpost.net,kurdistanpost.net,Kurdistan Post - Mail & Package Services,EN,200,variation,general,SSL warning,2026-02-12 15:06:12
https://kurdistanpost.nu,kurdistanpost.nu,,UNK,403,discovered,discovered,,2026-02-12 14:58:43
https://kurdistanpress.com/,kurdistanpress.com,,UNK,,known_media,news_media,Kurdistan Press,2026-02-12T14:52:50Z
https://kurdistanpress.net,kurdistanpress.net,KurdistanPress | کوردستان پرێس,EN,200,discovered,discovered,,2026-02-12 14:58:43
https://kurdistanradio.com,kurdistanradio.com,kurdistanradio.com - This website is for sale! - Kurdistan Resources and Information.,EN,200,variation,tv_radio,SSL warning,2026-02-12 15:06:12
https://kurdistanradio.org,kurdistanradio.org,Kurdistan Radio,EN,200,variation,tv_radio,SSL warning,2026-02-12 15:06:13
https://kurdistansite.com,kurdistansite.com,8868在线官网登录入口(官方)网站/网页版登录入口2025最新版,TR,200,variation,general,SSL warning,2026-02-12 15:06:13
https://kurdistansport.com/,kurdistansport.com,,UNK,,sports,sports,Kurdistan Sport,2026-02-12T14:53:29Z
https://kurdistanstore.com,kurdistanstore.com,KurdistanStore.com is for sale | HugeDomains,EN,200,variation,ecommerce,,2026-02-12 15:16:27
https://kurdistansupermarket.com/,kurdistansupermarket.com,,UNK,503,ecommerce,ecommerce,Kurdistan Supermarket,2026-02-12T14:53:22Z
https://kurdistantimes.com,kurdistantimes.com,,UNK,200,variation,general,,2026-02-12 15:06:13
https://kurdistantimes.org,kurdistantimes.org,کوردستان تایمز | کوردستان تایمز - Kurrdistan Times,CKB,200,variation,general,,2026-02-12 15:06:13
https://kurdistantoday.com,kurdistantoday.com,,UNK,200,variation,general,,2026-02-12 15:06:13
https://kurdistantravel.net,kurdistantravel.net,kurdistantravel.net - kurdistantravel Resources and Information.,EN,200,variation,tourism,,2026-02-12 15:16:27
https://kurdistantribune.com/,kurdistantribune.com,An independent platform for Kurdish news and opinion. | The Kurdistan Tribune,"EN, KMR",200,known_media,news_media,Kurdistan Tribune,2026-02-12T14:52:50Z
https://kurdistantv.net/,kurdistantv.net,ده‌زگای سه‌ته‌لایتی كوردستان,CKB,200,tv_channels,tv_channels,Kurdistan TV,2026-02-12T14:53:02Z
https://kurdistantv.tv,kurdistantv.tv,,UNK,404,discovered,discovered,,2026-02-12 14:58:43
https://kurdistanukurd.com,kurdistanukurd.com,کوردستان و کورد – ماڵپەڕی ناوەندیی حیزبی دێموکراتی کوردستان,CKB,200,discovered,discovered,,2026-02-12 14:58:43
https://kurdistanukurd.org,kurdistanukurd.org,کوردستان و کورد – ماڵپەڕی ناوەندیی حیزبی دێموکراتی کوردستان,CKB,200,crawl,general,,2026-02-12 15:06:13
https://kurdistanweb.org,kurdistanweb.org,Kurdistanweb.Org - Rahasia Bermain Dengan Cerdas di Game Online,TR,200,variation,general,SSL warning,2026-02-12 15:06:13
https://kurdistanweekly.com/,kurdistanweekly.com,,UNK,,diaspora,diaspora,Kurdistan Weekly,2026-02-12T14:53:23Z
https://kurdit.net,kurdit.net,,CKB,200,crawl,general,SSL warning,2026-02-12 15:06:14
https://kurditech.com,kurditech.com,KurdITech - Learn Kurdish Language Online | AI-Powered Learning Platform,EN,200,variation,technology,,2026-02-12 15:06:14
https://kurditgroup.org/,kurditgroup.org,Kurditgroup,"CKB, EN",200,cultural,cultural,Kurdit Group,2026-02-12T14:53:18Z
https://kurditv.com/,kurditv.com,kurdi TV ZINDÎ پەخشی ڕاستەوخۆ,"KMR, EN, CKB",200,tv_channels,tv_channels,Kurdi TV,2026-02-12T14:53:05Z
https://kurdiu.org/,kurdiu.org,Just a moment...,EN,403,known_media,news_media,Kurdiu media,2026-02-12T14:52:50Z
https://kurdlaw.com,kurdlaw.com,,UNK,200,discovered,discovered,,2026-02-12 14:58:43
https://kurdmarket.com,kurdmarket.com,KurdMarket.com is for sale | HugeDomains,EN,200,variation,ecommerce,,2026-02-12 15:16:27
https://kurdmarket.net,kurdmarket.net,Curtain Order Management - Login,EN,200,variation,ecommerce,,2026-02-12 15:16:27
https://kurdmax.com,kurdmax.com,Kurdmax - Kurdmax.com,EN,200,discovered,discovered,,2026-02-12 14:58:43
https://kurdmax.net,kurdmax.net,Kurdmax Media Network •,EN,200,discovered,discovered,,2026-02-12 14:58:43
https://kurdmax.tv/,kurdmax.tv,KurdMax : Kurdmax,EN,200,tv_channels,tv_channels,KurdMax TV,2026-02-12T14:53:06Z
https://kurdmaxmusic.tv,kurdmaxmusic.tv,KurdMaxMusic : KurdMaxMusic,EN,200,discovered,discovered,,2026-02-12 14:58:43
https://kurdmaxshow.tv,kurdmaxshow.tv,KurdMaxShow : KurdMaxShow,EN,200,discovered,discovered,SSL warning,2026-02-12 14:58:43
https://kurdmedia.net,kurdmedia.net,kurdmedia - kurdmedia,CKB,200,discovered,discovered,,2026-02-12 14:58:43
https://kurdmedia.tv,kurdmedia.tv,KurdMedia.TV is for sale | HugeDomains,EN,200,discovered,discovered,SSL warning,2026-02-12 14:58:44
https://kurdmix.com/,kurdmix.com,,UNK,503,radio_stations,radio,KurdMix radio,2026-02-12T14:53:07Z
https://kurdnet.com/,kurdnet.com,kurdnet.com,EN,200,blogs,blogs,KurdNet,2026-02-12T14:53:29Z
https://kurdnews.com,kurdnews.com,,UNK,200,variation,news_media,SSL warning,2026-02-12 15:06:14
https://kurdnews.net,kurdnews.net,,UNK,403,discovered,discovered,,2026-02-12 14:58:44
https://kurdnow.com,kurdnow.com,KurdNow.com is for sale | HugeDomains,EN,200,variation,general,,2026-02-12 15:06:14
https://kurdophone.com/,kurdophone.com,"Kurdophone | Music | Vienna, Austria",EN,200,cultural,cultural,Kurdophone,2026-02-12T14:53:19Z
https://kurdpa.net/,kurdpa.net,ئاژانسی هەواڵدەریی کوردستان، کوردپا,CKB,200,known_media,news_media,Kurdpa news agency,2026-02-12T14:52:51Z
https://kurdpost.net,kurdpost.net,,UNK,200,variation,general,,2026-02-12 15:06:14
https://kurdpost.org,kurdpost.org,,UNK,200,variation,general,,2026-02-12 15:06:14
https://kurdpress.com/,kurdpress.com,,UNK,,known_media,news_media,KurdPress news,2026-02-12T14:52:50Z
https://kurdpress.ir/,kurdpress.ir,,UNK,,known_media,news_media,KurdPress Iran,2026-02-12T14:52:51Z
https://kurdpress.net,kurdpress.net,kurdpress - kurdpress,CKB,200,discovered,discovered,,2026-02-12 14:58:44
https://kurds.io,kurds.io,KURDS — Dijîtal Anît,KMR,200,variation,general,,2026-02-12 15:16:28
https://kurds.net,kurds.net,,UNK,200,variation,general,,2026-02-12 15:06:15
https://kurds.org,kurds.org,,UNK,200,variation,general,SSL warning,2026-02-12 15:06:15
https://kurdsat.com,kurdsat.com,,UNK,200,discovered,discovered,SSL warning,2026-02-12 14:58:44
https://kurdsat.net,kurdsat.net,,UNK,403,discovered,discovered,,2026-02-12 14:58:45
https://kurdsat.tv/,kurdsat.tv,Just a moment...,EN,403,tv_channels,tv_channels,KurdSat TV,2026-02-12T14:53:03Z
https://kurdshop.com,kurdshop.com,KurdShop.com is for sale | HugeDomains,EN,200,variation,ecommerce,,2026-02-12 15:16:28
https://kurdshop.net,kurdshop.net,KURDSHOP,EN,200,discovered,discovered,,2026-02-12 14:58:45
https://kurdshopping.com/,kurdshopping.com,Trusted Platform to Buy & Sell Cars in Iraq | Kurd Shopping,"CKB, EN",200,ecommerce,ecommerce,Kurd Shopping,2026-02-12T14:53:22Z
https://kurdsite.com,kurdsite.com,KurdSite.com is for sale | HugeDomains,EN,200,variation,general,,2026-02-12 15:06:16
https://kurdsite.net,kurdsite.net,,UNK,200,variation,general,,2026-02-12 15:06:17
https://kurdsngo.org/,kurdsngo.org,,UNK,,ngo,ngo,Kurds NGO,2026-02-12T14:53:27Z
https://kurdsoft.net,kurdsoft.net,Kurdsoft,EN/CKB,200,crawl,general,,2026-02-12 15:16:28
https://kurdsport.com,kurdsport.com,KurdSport.com is for sale | HugeDomains,EN,200,discovered,discovered,,2026-02-12 14:58:45
https://kurdsport.net/,kurdsport.net,,UNK,,sports,sports,Kurd Sport,2026-02-12T14:53:29Z
https://kurdstore.info,kurdstore.info,Human verification,TR/EN/KMR,200,discovered,discovered,SSL warning,2026-02-12 14:58:45
https://kurdtech.com,kurdtech.com,KURDTECH.COM | Strategic-Grade domain names for established businesses and funded startups,EN,200,discovered,discovered,,2026-02-12 14:58:45
https://kurdtech.net,kurdtech.net,کورد تک – دنیای تکنولوژي و فناوری اطلاعات,FA,200,discovered,discovered,,2026-02-12 14:58:45
https://kurdtechno.com/,kurdtechno.com,,UNK,,tech,technology,Kurd Techno,2026-02-12T14:53:29Z
https://kurdtimes.net,kurdtimes.net,kurdtimes - Kurdtimes,CKB,200,variation,general,,2026-02-12 15:16:28
https://kurdtoday.com,kurdtoday.com,KurdToday.com is for sale | HugeDomains,EN,200,variation,general,,2026-02-12 15:06:17
https://kurdtravel.com,kurdtravel.com,KurdTravel.com is for sale | HugeDomains,EN,200,variation,tourism,,2026-02-12 15:16:29
https://kurdtvs.net/,kurdtvs.net,Kurdtvs.net - Live Kurdish TV Zindi پەخشی ڕاستەوخۆ - Watch Live Kurdish TV Channels Online,"CKB, EN, KMR",200,tv_channels,tv_channels,Kurd TVs directory,2026-02-12T14:53:05Z
https://kurduk.com,kurduk.com,Kurduk.com - Miscellaneous Domains for Sale - Buy Premium Diverse Domain Names | Domain for Sale. Call 888-694-6735.,EN,200,variation,general,,2026-02-12 15:06:18
https://kurdvoice.com,kurdvoice.com,,UNK,200,variation,general,,2026-02-12 15:06:18
https://kurdwatch.org/,kurdwatch.org,,UNK,503,diaspora,diaspora,KurdWatch Syria monitoring,2026-02-12T14:53:25Z
https://kurdweb.com,kurdweb.com,Coming Soon,UNK,200,variation,general,,2026-02-12 15:06:18
https://kurdweb.net,kurdweb.net,kurdweb - IT & Software Solutions,EN,200,variation,general,,2026-02-12 15:06:18
https://kurdwomen.org,kurdwomen.org,یەکیەتیی ژنانی دێموکراتی کوردستان – ئازادی بۆ ژن، بەختیاری بۆ کۆمەڵ.,CKB,200,crawl,general,,2026-02-12 15:06:18
https://kurdyouth.org,kurdyouth.org,,UNK,200,discovered,discovered,,2026-02-12 14:58:45
https://kurmanji.com,kurmanji.com,,UNK,200,variation,general,,2026-02-12 15:16:29
https://lalish.com,lalish.com,,UNK,200,discovered,discovered,,2026-02-12 14:58:45
https://lalish.info/,lalish.info,,UNK,,religious,religious,Lalish Yezidi temple info,2026-02-12T14:53:20Z
https://lalish.krd,lalish.krd,LALISH,EN/CKB,200,variation,religious,,2026-02-12 15:16:29
https://lalish.net,lalish.net,,UNK,200,discovered,discovered,SSL warning,2026-02-12 14:58:46
https://lalish.org/,lalish.org,,UNK,503,religious,religious,Lalish cultural center,2026-02-12T14:53:21Z
https://language-preparatory-school.tiu.edu.iq,language-preparatory-school.tiu.edu.iq,Home - Language Preparatory School,EN,200,crawl,education,,2026-02-12 15:06:18
https://law.tiu.edu.iq,law.tiu.edu.iq,Home - Law Faculty,EN,200,crawl,education,,2026-02-12 15:06:18
https://lecture-notes.tiu.edu.iq,lecture-notes.tiu.edu.iq,Lecture Notes | TIU Lecture Notes,EN,200,crawl,education,,2026-02-12 15:06:18
https://lfu.edu.krd/,lfu.edu.krd,home - LFU,CKB,200,universities,education,Lebanese French University,2026-02-12T14:53:15Z
https://lib.cihanuniversity.edu.iq,lib.cihanuniversity.edu.iq,Library Management System | Cihan University-Erbil Library,EN/TR,200,crawl,education,,2026-02-12 15:16:30
https://library.lfu.edu.krd,library.lfu.edu.krd,LFU - E-Library,EN,200,discovered,discovered,,2026-02-12 14:58:46
https://library.tiu.edu.iq,library.tiu.edu.iq,Home - TIU Library,EN,200,crawl,education,,2026-02-12 15:06:19
https://library.uoh.edu.iq,library.uoh.edu.iq,University of Halabja | E-Library,HAW,200,crawl,education,,2026-02-12 15:16:30
https://lice.com,lice.com,Domain for sale,EN,200,variation,general,,2026-02-12 15:16:30
https://lice.net,lice.net,,UNK,200,variation,general,,2026-02-12 15:16:30
https://livancn.com/,livancn.com,,UNK,,known_media,news_media,Livancn news,2026-02-12T14:53:02Z
https://lms.araratpti.edu.krd,lms.araratpti.edu.krd,Home | Ararat PTI,EN,200,common_crawl,education,,2026-02-12 15:06:19
https://lms.aynda.edu.krd,lms.aynda.edu.krd,Home | Aynda PTI,EN,200,crawl,education,,2026-02-12 15:16:31
https://lms.hmu.edu.krd,lms.hmu.edu.krd,Login Page,EN,200,variation,education,,2026-02-12 15:16:31
https://lms.soran.edu.iq,lms.soran.edu.iq,Soran University,EN,200,crawl,education,,2026-02-12 15:06:19
https://lpsm.soran.edu.iq,lpsm.soran.edu.iq,Faculty of LPSM,EN/TR,200,crawl,education,,2026-02-12 15:06:19
https://m3u8.kurditv.com,m3u8.kurditv.com,advanced-video-playhouse,EN,200,crawl,tv_radio,,2026-02-12 15:16:31
https://mahabad.com,mahabad.com,,UNK,200,discovered,discovered,,2026-02-12 14:58:47
https://mahabad.net,mahabad.net,,UNK,200,discovered,discovered,,2026-02-12 14:58:47
https://main.soran.edu.iq/,main.soran.edu.iq,Soran University,"EN, CKB, KMR",200,universities,education,Soran University,2026-02-12T14:53:15Z
https://makhmur.com,makhmur.com,Makhmur Handmade Bags,EN,200,variation,general,,2026-02-12 15:06:20
https://malakurdan-rojava.org,malakurdan-rojava.org,malakurdan-rojava.org,EN,200,crawl,general,,2026-02-12 15:16:31
https://malakurdan.nl,malakurdan.nl,malakurdan,EN,200,crawl,general,,2026-02-12 15:06:20
https://malakurdan.org,malakurdan.org,Home - Mala Kurdan,EN,200,discovered,discovered,,2026-02-12 14:58:47
https://malatya.org,malatya.org,Malatya,TR,200,variation,general,,2026-02-12 15:06:21
https://malatyanews.com,malatyanews.com,Malatya News I Malatya Haber,TR,200,variation,news_media,SSL warning,2026-02-12 15:16:31
https://malatyaonline.com,malatyaonline.com,malatyaonline.com - This website is for sale! - malatyaonline Resources and Information.,EN,200,variation,general,,2026-02-12 15:06:21
https://malatyatv.com,malatyatv.com,,UNK,403,variation,tv_radio,,2026-02-12 15:06:21
https://malazgirt.com,malazgirt.com,,UNK,403,variation,general,,2026-02-12 15:16:32
https://malpera.me,malpera.me,Kurdish Culture,EN,200,discovered,discovered,,2026-02-12 14:58:48
https://malpera.net/,malpera.net,,UNK,,blogs,blogs,Malpera Kurdish blogs,2026-02-12T14:53:31Z
https://manaramagazine.org/,manaramagazine.org,Middle East Foreign Policy & Analysis | Manara Magazine,"EN, KMR",200,known_media,news_media,Manara Magazine,2026-02-12T14:52:51Z
https://mardin.com,mardin.com,,UNK,200,variation,general,,2026-02-12 15:06:22
https://mardin.org,mardin.org,,UNK,200,variation,general,,2026-02-12 15:06:22
https://marivan.com,marivan.com,marivan.com,EN,200,variation,general,,2026-02-12 15:16:32
https://maryamanahospital.com/,maryamanahospital.com,Maryamana Hospital – World-class private hospital in Erbil,"EN, KMR",200,health,health,Maryamana Hospital,2026-02-12T14:53:28Z
https://master-program.tiu.edu.iq,master-program.tiu.edu.iq,Home - TIU University,EN,200,crawl,education,,2026-02-12 15:16:32
https://mathfest.uoh.edu.iq,mathfest.uoh.edu.iq,UoH-Math Fest,EN/TR,200,crawl,education,,2026-02-12 15:16:32
https://mazgirt.com,mazgirt.com,Mazgirt.com is for sale | HugeDomains,EN,200,variation,general,,2026-02-12 15:16:33
https://medyanews.com/,medyanews.com,MedyaNews.com is for sale | HugeDomains,EN,200,known_media,news_media,Medya News,2026-02-12T14:52:51Z
https://medyanews.net/,medyanews.net,Just a moment...,EN,403,known_media,news_media,Medya News (net),2026-02-12T14:52:51Z
https://mergasor.com,mergasor.com,Mergasor Free Support - Your Community Hub,EN,200,variation,general,,2026-02-12 15:06:22
https://mezopotamyaajansi.com/,mezopotamyaajansi.com,,UNK,,known_media,news_media,Mezopotamya Agency,2026-02-12T14:52:50Z
https://miandoab.com,miandoab.com,,UNK,200,variation,general,,2026-02-12 15:06:23
https://miandoab.net,miandoab.net,دکتر بهروز ثروتيان درگذشت,EN,200,variation,general,,2026-02-12 15:06:23
https://middleeasteye.net/topics/kurds,middleeasteye.net,,UNK,,known_media,news_media,Middle East Eye Kurdish topics,2026-02-12T14:52:51Z
https://midyat.info,midyat.info,Midyat - Informations en France et dans le monde,EN,200,variation,general,,2026-02-12 15:16:33
https://mis.epu.edu.iq,mis.epu.edu.iq,Internationalization of Higher Education,UNK,200,crawl,education,,2026-02-12 15:06:23
https://mmc.tv/,mmc.tv,,UNK,,tv_channels,tv_channels,MMC TV,2026-02-12T14:53:05Z
https://mms.koyauniversity.org,mms.koyauniversity.org,,UNK,403,crawl,education,,2026-02-12 15:06:24
https://mnr.gov.krd/,mnr.gov.krd,,UNK,,government,government,Ministry of Natural Resources,2026-02-12T14:53:08Z
https://moe-krg.com/,moe-krg.com,,UNK,,government,government,Ministry of Education,2026-02-12T14:53:08Z
https://moe.gov.krd/,moe.gov.krd,,UNK,,government,government,Ministry of Education (gov.krd),2026-02-12T14:53:08Z
https://mof.gov.krd/,mof.gov.krd,,UNK,503,government,government,Ministry of Finance,2026-02-12T14:53:08Z
https://mofa.gov.krd/,mofa.gov.krd,,UNK,,government,government,Ministry of Foreign Affairs,2026-02-12T14:53:08Z
https://mohe.gov.krd/,mohe.gov.krd,,UNK,,government,government,Ministry of Higher Education,2026-02-12T14:53:08Z
https://moi.gov.krd/,moi.gov.krd,,UNK,,government,government,Ministry of Interior,2026-02-12T14:53:08Z
https://moj.gov.krd/,moj.gov.krd,,UNK,,government,government,Ministry of Justice,2026-02-12T14:53:08Z
https://mol.gov.krd/,mol.gov.krd,,UNK,,government,government,Ministry of Labour,2026-02-12T14:53:08Z
https://moodle.epu.edu.iq,moodle.epu.edu.iq,Erbil Polytechnic University,EN,200,crawl,education,,2026-02-12 15:06:24
https://moodle.hmu.edu.krd,moodle.hmu.edu.krd,چوونەژوورەوە بۆ ناو ماڵپەڕ | HMU,KMR,200,variation,education,,2026-02-12 15:16:33
https://moodle.ukh.edu.krd,moodle.ukh.edu.krd,Log in to the site | UKH,EN,200,variation,education,,2026-02-12 15:16:34
https://moodle.uoh.edu.iq,moodle.uoh.edu.iq,سه‌ره‌تا | UOH_LMS,KMR,200,crawl,education,,2026-02-12 15:16:34
https://mop.gov.krd/,mop.gov.krd,,UNK,,government,government,Ministry of Planning,2026-02-12T14:53:08Z
https://mot.gov.krd/,mot.gov.krd,,UNK,,government,government,Ministry of Transport,2026-02-12T14:53:08Z
https://mus.com,mus.com,,UNK,403,variation,general,,2026-02-12 15:06:24
https://musmedia.com,musmedia.com,,UNK,403,variation,news_media,,2026-02-12 15:06:24
https://musmedia.net,musmedia.net,,EN,200,variation,news_media,,2026-02-12 15:06:24
https://musnews.com,musnews.com,MusNews.com is for sale | HugeDomains,EN,200,variation,news_media,,2026-02-12 15:06:25
https://musonline.com,musonline.com,"MusOnline – Berita Musik, Artis & Hiburan Terkini",TR,200,variation,general,,2026-02-12 15:06:27
https://mustv.com,mustv.com,,UNK,403,variation,tv_radio,,2026-02-12 15:06:28
https://mutki.com,mutki.com,Mutki.com is for sale | HugeDomains,EN,200,variation,general,,2026-02-12 15:16:35
https://my.komar.edu.iq,my.komar.edu.iq,MyKomar,UNK,200,crawl,education,,2026-02-12 15:06:28
https://mybestshopping.net/,mybestshopping.net,"Best Shopping in Kurdistan Region, Kirkuk and Mosul",CKB,200,ecommerce,ecommerce,My Best Shopping,2026-02-12T14:53:22Z
https://nardin.com,nardin.com,Home,UNK,200,variation,general,,2026-02-12 15:16:36
https://nardin.io,nardin.io,Bravo ! Votre domaine nardin.io a bien Ã©tÃ© crÃ©Ã© avec LWS !,EN,200,variation,general,,2026-02-12 15:16:36
https://nardin.net,nardin.net,,UNK,200,variation,general,,2026-02-12 15:16:36
https://nardin.xyz,nardin.xyz,,UNK,200,variation,general,,2026-02-12 15:16:36
https://nardingroup.com,nardingroup.com,,UNK,200,variation,general,,2026-02-12 15:16:36
https://navenda-nuceyan.com/,navenda-nuceyan.com,,UNK,,known_media,news_media,Navenda Nuceyan,2026-02-12T14:53:00Z
https://navkurd.de/,navkurd.de,,UNK,503,diaspora,diaspora,Navkurd Germany,2026-02-12T14:53:23Z
https://nawamedia.com/,nawamedia.com,,UNK,200,radio_stations,radio,Nawa Media,2026-02-12T14:53:07Z
https://nefel.com/,nefel.com,nefel.com for sale | Spaceship.com,EN,200,blogs,blogs,Nefel,2026-02-12T14:53:31Z
https://nefeltech.com,nefeltech.com,Loja online de NefelTech,EN,200,variation,technology,,2026-02-12 15:16:36
https://newgeneration.krd/,newgeneration.krd,,UNK,,political_parties,political_parties,New Generation Movement (krd),2026-02-12T14:53:13Z
https://newroz.com/,newroz.com,Home | Newroz.com,KMR,200,blogs,blogs,Newroz community,2026-02-12T14:53:30Z
https://newroz.tv/,newroz.tv,,UNK,,tv_channels,tv_channels,Newroz TV,2026-02-12T14:53:05Z
https://newrozpost.com/,newrozpost.com,,UNK,,known_media,news_media,Newroz Post,2026-02-12T14:53:02Z
https://newroztv.com,newroztv.com,NewRozTV.com is for sale | HugeDomains,EN,200,variation,tv_radio,,2026-02-12 15:06:28
https://newsnow.com/us/World/Asia/Kurdistan,newsnow.com,,UNK,,known_media,news_media,NewsNow Kurdistan aggregator,2026-02-12T14:52:57Z
https://nfrtkurdistan.com/,nfrtkurdistan.com,,UNK,,political_parties,political_parties,New Generation Movement,2026-02-12T14:53:09Z
https://nice.tiu.edu.iq,nice.tiu.edu.iq,NICE Home TIU - National Innovation Competition in Engineering,EN,200,crawl,education,,2026-02-12 15:16:37
https://nmra.uoh.edu.iq,nmra.uoh.edu.iq,Student Profile,HAW/KMR,200,crawl,education,,2026-02-12 15:16:37
https://nrt.tv/,nrt.tv,,UNK,200,tv_channels,tv_channels,NRT TV,2026-02-12T14:53:06Z
https://nrttv.com/,nrttv.com,NRTTV ئێن ئاڕ تی,CKB,200,known_media,news_media,NRT TV news,2026-02-12T14:52:50Z
https://nuce.com,nuce.com,nuce.com,UNK,200,variation,news_media,,2026-02-12 15:06:29
https://nuce.io,nuce.io,,UNK,200,discovered,discovered,SSL warning,2026-02-12 14:58:48
https://nuce.me,nuce.me,Index of /,UNK,200,discovered,discovered,SSL warning,2026-02-12 14:58:48
https://nuce.org,nuce.org,nuce.org - This website is for sale! - nuce Resources and Information.,EN,200,discovered,discovered,,2026-02-12 14:58:48
https://nuce.xyz,nuce.xyz,,UNK,200,variation,news_media,,2026-02-12 15:06:29
https://nuceciwan.com,nuceciwan.com,"Nûçe Ciwan – Bi dînamîzma ciwantî, li ser şopa heqîqetê",TR/KMR,200,discovered,discovered,,2026-02-12 14:58:48
https://nuceciwan.info/,nuceciwan.info,,UNK,,known_media,news_media,Nuceciwan news,2026-02-12T14:53:00Z
https://nuceciwan.org,nuceciwan.org,,UNK,202,discovered,discovered,,2026-02-12 14:58:48
https://nucetv.com,nucetv.com,,UNK,403,variation,news_media,,2026-02-12 15:06:30
https://nucetv.net,nucetv.net,Malper - Nuce TV,KMR/EN,200,variation,news_media,,2026-02-12 15:06:30
https://nursing.tiu.edu.iq,nursing.tiu.edu.iq,Home - Nursing Facuty,EN,200,crawl,education,,2026-02-12 15:06:30
https://nusaybin.com,nusaybin.com,,UNK,200,variation,general,,2026-02-12 15:06:30
https://nusaybintv.com,nusaybintv.com,Nusaybin Haberleri | Son Dakika - Nusaybin TV,TR,200,variation,tv_radio,,2026-02-12 15:06:30
https://oldalumni.hmu.edu.krd,oldalumni.hmu.edu.krd,HMU Alumni – Hawler Medical University Alumni official website,EN,200,discovered,discovered,,2026-02-12 14:58:49
https://oshnavieh.com,oshnavieh.com,,UNK,200,variation,general,,2026-02-12 15:06:30
https://ovacik.net,ovacik.net,,UNK,200,variation,general,,2026-02-12 15:16:37
https://ovacik.org,ovacik.org,FunZone - The World's Most Interactive Entertainment Platform,EN,200,variation,general,,2026-02-12 15:16:37
https://ozalp.com,ozalp.com,Ozalp Corporation,EN,200,variation,general,SSL warning,2026-02-12 15:16:37
https://ozalponline.com,ozalponline.com,,UNK,200,variation,general,,2026-02-12 15:16:37
https://p4ckurd.net,p4ckurd.net,www.p4ckurd.net,KMR/TR,200,discovered,discovered,,2026-02-12 14:58:49
https://pa.azadiradio.com,pa.azadiradio.com,ازادي راډیو : کورپاڼه,FA/EN,200,crawl,tv_radio,,2026-02-12 15:16:38
https://pa.azadiradio.mobi,pa.azadiradio.mobi,ازادي راډیو : کورپاڼه,FA/EN,200,crawl,tv_radio,,2026-02-12 15:16:38
https://parhospital.org/,parhospital.org,Par Hospital Erbil,EN,200,health,health,Par Hospital,2026-02-12T14:53:28Z
https://parliament.krd/,parliament.krd,405 Method Not Allowed,UNK,405,government,government,Kurdistan Parliament,2026-02-12T14:53:07Z
https://parstimes.com/kurdish.html,parstimes.com,,UNK,503,cultural,cultural,ParsTimes Kurdish section,2026-02-12T14:53:20Z
https://payam.com,payam.com,PAYAM,EN,200,variation,general,,2026-02-12 15:16:38
https://payam.io,payam.io,,UNK,200,variation,general,,2026-02-12 15:16:38
https://payam.org,payam.org,,UNK,200,variation,general,SSL warning,2026-02-12 15:16:38
https://payam.site,payam.site,,UNK,200,variation,general,,2026-02-12 15:16:39
https://payam.tv/,payam.tv,,UNK,503,known_media,news_media,Payam TV,2026-02-12T14:52:50Z
https://payamblog.com,payamblog.com,Payam GhaderKourehpaz â Solution Architect & Senior Laravel/PHP Developer,EN,200,variation,blogs,,2026-02-12 15:16:39
https://payamgroup.com,payamgroup.com,PayamGroup.com is for sale | HugeDomains,EN,200,variation,general,,2026-02-12 15:16:40
https://payammusic.net,payammusic.net,,UNK,404,variation,culture_arts,,2026-02-12 15:16:40
https://payamnwe.com/,payamnwe.com,,UNK,,known_media,news_media,Payam Nwe,2026-02-12T14:53:00Z
https://payamradio.com,payamradio.com,mamma,EN,200,variation,tv_radio,,2026-02-12 15:16:40
https://payamshop.com,payamshop.com,"Sorry, the website has been stopped",TR,200,variation,ecommerce,,2026-02-12 15:16:40
https://payamtv.com,payamtv.com,PayamTv.com is for sale | HugeDomains,EN,200,discovered,discovered,,2026-02-12 14:58:49
https://payiz.xyz,payiz.xyz,,UNK,200,variation,general,,2026-02-12 15:16:40
https://payizfilm.com,payizfilm.com,payiz film,TR,200,variation,culture_arts,,2026-02-12 15:16:40
https://pdk-iran.org/,pdk-iran.org,,UNK,200,political_parties,political_parties,PDK-Iran,2026-02-12T14:53:10Z
https://pdki.org/,pdki.org,Democratic Party of Iranian Kurdistan – PDKI,EN,200,political_parties,political_parties,PDKI,2026-02-12T14:53:10Z
https://pelemall.com/,pelemall.com,Pelemall - Fast Shopping and Shipping,EN,200,ecommerce,ecommerce,Pelemall online mall,2026-02-12T14:53:22Z
https://penase.com/,penase.com,,UNK,,known_media,news_media,Penase news,2026-02-12T14:53:00Z
https://penjwen.com,penjwen.com,Coming Soon,UNK,200,variation,general,,2026-02-12 15:06:31
https://pertukal.com/,pertukal.com,,UNK,,cultural,cultural,Pertuk-al Kurdish books,2026-02-12T14:53:15Z
https://pervari.com,pervari.com,Pervari.com is for sale | HugeDomains,EN,200,variation,general,,2026-02-12 15:16:40
https://pervari.net,pervari.net,,UNK,403,variation,general,,2026-02-12 15:16:41
https://peshmerga.com,peshmerga.com,Peshmerga LLC,EN,200,discovered,discovered,,2026-02-12 14:58:50
https://peyam.com,peyam.com,,UNK,403,discovered,discovered,,2026-02-12 14:58:50
https://peyam.net,peyam.net,Payam TV : کەناڵی ئاسمانی پەیام,CKB,200,discovered,discovered,,2026-02-12 14:58:50
https://peyamner.com/,peyamner.com,,UNK,,known_media,news_media,Peyamner news agency,2026-02-12T14:52:50Z
https://peykurdistan.com/,peykurdistan.com,,UNK,,blogs,blogs,Pey Kurdistan,2026-02-12T14:53:31Z
https://pharmacy.tiu.edu.iq,pharmacy.tiu.edu.iq,Home - Pharmacy Faculty TISHK INTERNATIONAL UNIVERSITY,EN,200,crawl,education,,2026-02-12 15:06:31
https://pirmam.net,pirmam.net,,UNK,403,variation,general,,2026-02-12 15:06:31
https://pjak.org/,pjak.org,,UNK,200,political_parties,political_parties,PJAK,2026-02-12T14:53:11Z
https://pkkonline.com/,pkkonline.com,,UNK,200,political_parties,political_parties,PKK online,2026-02-12T14:53:12Z
https://pmb.institutkurde.org,pmb.institutkurde.org,PMB,UNK,200,crawl,general,,2026-02-12 15:06:31
https://portal.cue.edu.krd,portal.cue.edu.krd,Home | CUE,EN,200,crawl,education,,2026-02-12 15:16:42
https://portal.koyauniversity.org,portal.koyauniversity.org,Koya University Portal,EN/TR,200,crawl,education,,2026-02-12 15:06:31
https://presidency.gov.krd,presidency.gov.krd,سەرەکی - سەرۆکایەتی هەرێمی کوردستان,CKB,200,crawl,government,,2026-02-12 15:06:31
https://presidency.krd/,presidency.krd,,UNK,,government,government,Kurdistan Region Presidency,2026-02-12T14:53:07Z
https://president.gov.krd,president.gov.krd,سەرەکی - سەرۆکایەتی هەرێمی کوردستان,CKB,200,discovered,discovered,,2026-02-12 14:58:50
https://puk.org/,puk.org,PUK,"EN, KMR",200,political_parties,political_parties,Patriotic Union of Kurdistan,2026-02-12T14:53:09Z
https://pukmedia.com/,pukmedia.com,PUKmedia   یەکێتیی نیشتمانیی کوردستان,CKB,200,known_media,news_media,PUK-affiliated media,2026-02-12T14:52:50Z
https://pukmedia.net,pukmedia.net,PUKMEDIA |  بڵاوکراوه‌ی یه‌کێتی کورد,CKB,200,variation,news_media,,2026-02-12 15:16:42
https://pulumur.com,pulumur.com,,UNK,200,variation,general,,2026-02-12 15:16:42
https://pulumur.org,pulumur.org,"PÜLÜMÜR HABER – Yazılar, haberler ve daha fazlası…",TR,200,variation,general,,2026-02-12 15:16:42
https://pydrojava.com/,pydrojava.com,,UNK,,political_parties,political_parties,PYD Rojava,2026-02-12T14:53:13Z
https://qa.cihanuniversity.edu.iq,qa.cihanuniversity.edu.iq,Quality Assurance – Cihan University – Erbil,EN,200,crawl,education,,2026-02-12 15:16:42
https://qa.soran.edu.iq,qa.soran.edu.iq,Quality Assurance,EN/TR,200,crawl,education,,2026-02-12 15:06:31
https://qad.uor.edu.krd,qad.uor.edu.krd,Quality Assurance Dir.,EN/TR,200,discovered,discovered,,2026-02-12 14:58:50
https://qaladze.com,qaladze.com,Qaladze.com is for sale | HugeDomains,EN,200,variation,general,,2026-02-12 15:16:42
https://qamishlo.com,qamishlo.com,Qamishlo.com is for sale | HugeDomains,EN,200,variation,general,,2026-02-12 15:06:31
https://qamishlo.net,qamishlo.net,,UNK,403,variation,general,,2026-02-12 15:06:31
https://quality-assurance.tiu.edu.iq,quality-assurance.tiu.edu.iq,Home - Quality Assurance,EN,200,crawl,education,,2026-02-12 15:06:31
https://quran.kurditv.com,quran.kurditv.com,ØªØ±ØªÙÙ - Ø§ÙÙØ±Ø¢Ù Ø§ÙÙØ±ÙÙ | Ø§Ø³ØªÙØ§Ø¹Ø Ø¨Ø« ÙØ¨Ø§Ø´Ø±Ø ÙØªÙØ³ÙØ±,AR,200,discovered,discovered,,2026-02-12 14:58:50
https://qurankurdi.com/,qurankurdi.com,,UNK,,religious,religious,Quran Kurdish translation,2026-02-12T14:53:21Z
https://radiogorran.com/,radiogorran.com,,UNK,,radio_stations,radio,Radio Gorran,2026-02-12T14:53:07Z
https://radiokurdistan.net/,radiokurdistan.net,,UNK,,known_media,news_media,Radio Kurdistan,2026-02-12T14:52:51Z
https://radionawa.com/,radionawa.com,,UNK,,radio_stations,radio,Radio Nawa,2026-02-12T14:53:07Z
https://ranya.com,ranya.com,Redirecting...,EN,200,variation,general,,2026-02-12 15:06:32
https://raperin.edu.krd/,raperin.edu.krd,,UNK,,universities,education,University of Raparin (raperin),2026-02-12T14:53:15Z
https://raqqa.net,raqqa.net,,UNK,200,variation,general,,2026-02-12 15:06:32
https://rawanduz.com,rawanduz.com,,UNK,432,variation,general,,2026-02-12 15:06:32
https://reg.uhd.edu.iq,reg.uhd.edu.iq,,UNK,403,crawl,education,,2026-02-12 15:06:32
https://regaonline.com/,regaonline.com,,UNK,,cultural,cultural,Rega Online,2026-02-12T14:53:19Z
https://regaykurdistan.com,regaykurdistan.com,Home,CKB/AR,200,discovered,discovered,,2026-02-12 14:58:50
https://reng.org,reng.org,,UNK,200,variation,general,,2026-02-12 15:16:42
https://renggroup.com,renggroup.com,,UNK,404,variation,general,,2026-02-12 15:16:42
https://rengin.org,rengin.org,,UNK,200,variation,general,,2026-02-12 15:16:42
https://rengmusic.com,rengmusic.com,RENG – Music Producer & DJ,UNK,200,variation,culture_arts,,2026-02-12 15:16:42
https://research-center.tiu.edu.iq,research-center.tiu.edu.iq,Research Center - Tishk Internatiional University,EN,200,crawl,education,,2026-02-12 15:06:32
https://research.ukh.edu.krd,research.ukh.edu.krd,Login | Upcube - Admin & Dashboard Template,EN,200,variation,education,,2026-02-12 15:16:42
https://rizgari.com,rizgari.com,,UNK,200,discovered,discovered,,2026-02-12 14:58:51
https://rizgari.net,rizgari.net,,UNK,200,discovered,discovered,,2026-02-12 14:58:51
https://rizgarinews.com/,rizgarinews.com,,UNK,,known_media,news_media,Rizgari News,2026-02-12T14:53:00Z
https://rohanipress.com/,rohanipress.com,,UNK,,known_media,news_media,Rohani Press,2026-02-12T14:52:51Z
https://roj.com,roj.com,Home | ROJ,EN,200,variation,general,,2026-02-12 15:06:32
https://roj.io,roj.io,,UNK,200,variation,general,,2026-02-12 15:06:33
https://roj.org,roj.org,,UNK,403,variation,general,,2026-02-12 15:06:33
https://roj.tv/,roj.tv,,UNK,,known_media,news_media,Roj TV,2026-02-12T14:53:00Z
https://roj.xyz,roj.xyz,,UNK,200,variation,general,,2026-02-12 15:06:33
https://rojakurdistan.com/,rojakurdistan.com,,UNK,,known_media,news_media,Roja Kurdistan,2026-02-12T14:52:50Z
https://rojava.com,rojava.com,Brizy #94 - rojava.com,EN,200,discovered,discovered,,2026-02-12 14:58:51
https://rojava.net,rojava.net,,UNK,403,discovered,discovered,,2026-02-12 14:58:51
https://rojava.video,rojava.video,Rojava Tube,KMR,200,crawl,general,,2026-02-12 15:16:43
https://rojava.xyz,rojava.xyz,We Are Watching | Solidarity with Rojava,EN,200,variation,general,,2026-02-12 15:06:33
https://rojavanews.com/,rojavanews.com,Direct IP access not allowed | Cloudflare,EN,403,known_media,news_media,Rojava News,2026-02-12T14:52:50Z
https://rojavatoday.com,rojavatoday.com,Placeholder - Antagonist,UNK,200,variation,general,,2026-02-12 15:06:33
https://rojavatv.net,rojavatv.net,Malper - Rojava Tv,KMR,200,variation,tv_radio,,2026-02-12 15:06:33
https://rojevakurd.com,rojevakurd.com,Rojevakurd - Rojevakurd,EN/KMR,200,discovered,discovered,,2026-02-12 14:58:51
https://rojevakurdistan.org,rojevakurdistan.org,,UNK,404,discovered,discovered,,2026-02-12 14:58:51
https://rojfm.com,rojfm.com,RojFm.com is for sale | HugeDomains,EN,200,variation,tv_radio,,2026-02-12 15:06:33
https://rojgroup.com,rojgroup.com,Roj Exports,EN,200,variation,general,,2026-02-12 15:16:43
https://rojhealth.com,rojhealth.com,,UNK,200,variation,health,SSL warning,2026-02-12 15:16:44
https://rojhelat.com,rojhelat.com,,UNK,403,discovered,discovered,SSL warning,2026-02-12 14:58:51
https://rojhelat.info,rojhelat.info,,UNK,403,discovered,discovered,,2026-02-12 14:58:51
https://rojhelat.media,rojhelat.media,تێلویزیۆنی ڕۆژهەلات,CKB,200,discovered,discovered,,2026-02-12 14:58:51
https://rojhelat.net,rojhelat.net,,UNK,403,discovered,discovered,,2026-02-12 14:58:51
https://rojhelat.news,rojhelat.news,Rojhelat: Vertretung des iranischen Kurdistans in Deutschland,KMR,200,discovered,discovered,,2026-02-12 14:58:52
https://rojhelat.org,rojhelat.org,Parked Domain name on Hostinger DNS system,EN,200,discovered,discovered,,2026-02-12 14:58:52
https://rojhelatnews.com,rojhelatnews.com,Rojhelat News,EN,200,variation,news_media,SSL warning,2026-02-12 15:06:33
https://rojhelatnews.net,rojhelatnews.net,Rojehlatnews - Rojehlatnews.net,CKB,200,crawl,news_media,,2026-02-12 15:06:34
https://rojhelattimes.com,rojhelattimes.com,RojhelatTimes.com is for sale | HugeDomains,EN,200,variation,general,,2026-02-12 15:06:34
https://rojhelattimes.org,rojhelattimes.org,,UNK,200,variation,general,,2026-02-12 15:06:34
https://rojikurd.net,rojikurd.net,Roji Kurd ڕۆژی کورد | هه‌موو به‌یانییه‌ك ڕۆژی كورد له‌ ڕۆژهه‌ڵاته‌وه‌ هه‌ڵدێ,EN,200,crawl,general,,2026-02-12 15:06:34
https://rojinfo.com,rojinfo.com,Rojinfo | L'actualité libre pour une société libre,EN,200,variation,general,,2026-02-12 15:06:35
https://rojmarket.com,rojmarket.com,Sales Inquiry || rojmarket.com,EN,200,variation,ecommerce,SSL warning,2026-02-12 15:16:44
https://rojmedia.com,rojmedia.com,,UNK,403,discovered,discovered,,2026-02-12 14:58:52
https://rojmusic.net,rojmusic.net,Şarkı Sözleri,TR,200,variation,culture_arts,SSL warning,2026-02-12 15:16:44
https://rojnet.com,rojnet.com,Account Suspended,UNK,200,variation,general,,2026-02-12 15:06:35
https://rojnews.com,rojnews.com,RojNews.com is for sale | HugeDomains,EN,200,discovered,discovered,,2026-02-12 14:58:52
https://rojnews.news/,rojnews.news,پەڕەی سەرەکی - کوردی - RojNews.News,CKB,200,known_media,news_media,Roj News,2026-02-12T14:52:59Z
https://rojnews.org,rojnews.org,,UNK,442,variation,news_media,,2026-02-12 15:06:36
https://rojonline.com,rojonline.com,,UNK,403,variation,general,,2026-02-12 15:06:37
https://rojtech.com,rojtech.com,RojTech.com is for sale | HugeDomains,EN,200,variation,technology,,2026-02-12 15:16:44
https://rojtv.net,rojtv.net,,UNK,200,discovered,discovered,,2026-02-12 14:58:52
https://rojweb.com,rojweb.com,,UNK,200,variation,general,,2026-02-12 15:06:37
https://ronahi.net/,ronahi.net,Just a moment...,EN,403,diaspora,diaspora,Ronahi net,2026-02-12T14:53:25Z
https://ronahi.tv/,ronahi.tv,Just a moment...,EN,403,known_media,news_media,Ronahi TV,2026-02-12T14:52:50Z
https://rozhnamavan.com/,rozhnamavan.com,,UNK,,known_media,news_media,Rozhnamavan news portal,2026-02-12T14:52:50Z
https://rsr.epu.edu.iq,rsr.epu.edu.iq,Research Registration and Accreditation,EN,200,crawl,education,,2026-02-12 15:06:38
https://rudaw.media,rudaw.media,Rudaw,EN,200,discovered,discovered,,2026-02-12 14:58:52
https://rudaw.net/,rudaw.net,,UNK,,known_media,news_media,Major Kurdish news outlet,2026-02-12T14:52:50Z
https://rudaw.press,rudaw.press,Redirecting...,EN,200,discovered,discovered,,2026-02-12 14:58:52
https://rudaw24.com,rudaw24.com,,UNK,403,crawl,news_media,,2026-02-12 15:16:44
https://rudaw24.net,rudaw24.net,Rudaw24 | ڕووداو24 - Kurdish News Network,CKB,200,crawl,news_media,,2026-02-12 15:06:38
https://rudawnewsradio.com/,rudawnewsradio.com,,UNK,,radio_stations,radio,Rudaw News Radio,2026-02-12T14:53:07Z
https://runaki.gov.krd,runaki.gov.krd,پڕۆژەی ڕووناکی,CKB/KMR,200,discovered,discovered,,2026-02-12 14:58:52
https://ruwange.com/,ruwange.com,,UNK,,blogs,blogs,Ruwange,2026-02-12T14:53:32Z
https://saghez.com,saghez.com,,UNK,200,variation,general,,2026-02-12 15:06:38
https://sanandaj.net,sanandaj.net,Personal Website for Majed Mirzaie,EN,200,discovered,discovered,,2026-02-12 14:58:52
https://sanandaj.org,sanandaj.org,Personal Website for Majed Mirzaie,EN,200,variation,general,,2026-02-12 15:06:38
https://sanliurfatv.com,sanliurfatv.com,Şanlıurfa Tv - Güncel Urfa Haberleri || Urfa Haber - Şanlıurfa Haber - Şanlıurfa Haberleri - Urfadan Haberler Şanlıurfatv - Urfatv - Urfa Tv- Şanlıurfa Canlı Tv - Urfa tv Canlı /,TR,200,variation,tv_radio,,2026-02-12 15:16:44
https://saqqez.com,saqqez.com,,UNK,200,variation,general,,2026-02-12 15:16:44
https://sardam.info/,sardam.info,,UNK,,cultural,cultural,Sardam cultural magazine,2026-02-12T14:53:18Z
https://sardam.krd,sardam.krd,Homepage - پەیمانگەی سەردەمی ناحکومی بۆ زانستەکانی کۆمپیوتەر,CKB,200,discovered,discovered,,2026-02-12 14:58:53
https://sardam.online,sardam.online,Login |,KMR,200,variation,general,,2026-02-12 15:16:44
https://sardam.org,sardam.org,سه‌رده‌م – ‎دەزگای چاپ و پەخشی سەردەم,CKB,200,discovered,discovered,,2026-02-12 14:58:53
https://sasun.com,sasun.com,,UNK,200,variation,general,,2026-02-12 15:16:44
https://sasun.info,sasun.info,KioskNet | Second Life kiosks,EN,200,variation,general,,2026-02-12 15:16:44
https://savur.com,savur.com,,UNK,200,variation,general,,2026-02-12 15:16:45
https://sbeiy.com/,sbeiy.com,,UNK,,known_media,news_media,Sbeiy media,2026-02-12T14:52:59Z
https://sci.soran.edu.iq,sci.soran.edu.iq,FACULTY OF SCIENCE,EN/TR,200,crawl,education,,2026-02-12 15:06:39
https://sdf-press.com/,sdf-press.com,Just a moment...,EN,403,government,government,SDF Press,2026-02-12T14:53:09Z
https://semakurd.net,semakurd.net,semakurd.net,AR,200,discovered,discovered,,2026-02-12 14:58:53
https://semdinli.com,semdinli.com,,UNK,403,variation,general,,2026-02-12 15:16:45
https://semdinli.net,semdinli.net,,UNK,403,variation,general,,2026-02-12 15:16:45
https://semelonline.com,semelonline.com,SEMEL Online LTD - ??? ??????? -,EN,200,variation,general,,2026-02-12 15:16:45
https://serhildan.com,serhildan.com,,UNK,403,discovered,discovered,SSL warning,2026-02-12 14:58:53
https://serhildan.online,serhildan.online,Nexşeya Çalakiyan - Action Map,KMR,200,variation,general,,2026-02-12 15:16:46
https://serhildan.org,serhildan.org,Accueil - SERHILDAN | Défendre la révolution du Kurdistan,EN,200,discovered,discovered,,2026-02-12 14:58:54
https://services.gov.krd,services.gov.krd,بابەتەکان | خزمەت,KMR/CKB,200,discovered,discovered,,2026-02-12 14:58:54
https://sfrk.info/,sfrk.info,,UNK,,political_parties,political_parties,SFRK info,2026-02-12T14:53:13Z
https://shafaq.com/,shafaq.com,,UNK,,known_media,news_media,Shafaq News,2026-02-12T14:52:50Z
https://shafaq.info,shafaq.info,الصفحة الرئيسية - شفق لتطوير الاعمال,EN/AR,200,variation,general,,2026-02-12 15:16:46
https://shafaq.io,shafaq.io,Base44 APP,EN,200,variation,general,,2026-02-12 15:16:46
https://shafaq.net,shafaq.net,Modern Dining Experience - Discover an exquisite menu and inviting ambiance at Modern Dining Experience. Reserve your table today for an unforgettable meal.,EN,200,variation,general,,2026-02-12 15:16:46
https://shafaqgroup.com,shafaqgroup.com,"Shafaq Al Group United LLC, Oman",EN,200,variation,general,,2026-02-12 15:16:46
https://shafaqpost.com,shafaqpost.com,home - Senangslot Link Daftar Situs Game Online Terbaik Dan Terlengkap,EN,200,variation,general,,2026-02-12 15:16:47
https://shafaqtech.com,shafaqtech.com,,UNK,200,variation,technology,,2026-02-12 15:16:47
https://shafaqtech.net,shafaqtech.net,Shafaq Tech,EN,200,variation,technology,,2026-02-12 15:16:48
https://shamal.com,shamal.com,,UNK,403,variation,general,,2026-02-12 15:16:48
https://shamal.io,shamal.io,,UNK,200,variation,general,,2026-02-12 15:16:49
https://shamal.net,shamal.net,,UNK,200,variation,general,,2026-02-12 15:16:49
https://shamal.xyz,shamal.xyz,,UNK,200,variation,general,,2026-02-12 15:16:49
https://shamalgroup.net,shamalgroup.net,Default page,EN,200,variation,general,,2026-02-12 15:16:50
https://shamalmusic.com,shamalmusic.com,Shamal Music — Coming Soon,EN,200,variation,culture_arts,,2026-02-12 15:16:50
https://shamalpost.com,shamalpost.com,شركة الشمال,EN,200,variation,general,,2026-02-12 15:16:50
https://shaqlaw.com,shaqlaw.com,,UNK,200,variation,general,,2026-02-12 15:16:50
https://shaqlawa.com,shaqlawa.com,,UNK,200,variation,general,,2026-02-12 15:06:39
https://shar.io,shar.io,Porkbun Marketplace: The domain shar.io is for sale.,EN,200,variation,general,,2026-02-12 15:16:50
https://shar.media,shar.media,,UNK,200,variation,news_media,,2026-02-12 15:16:51
https://shar.net,shar.net,,UNK,200,variation,general,,2026-02-12 15:16:51
https://shar.xyz,shar.xyz,Shar.xyz for sale | Spaceship.com,EN,200,variation,general,,2026-02-12 15:16:51
https://shareyezidi.com/,shareyezidi.com,,UNK,,religious,religious,Share Yezidi,2026-02-12T14:53:21Z
https://shargroup.com,shargroup.com,,UNK,200,variation,general,,2026-02-12 15:16:51
https://sharinfo.com,sharinfo.com,shaRinfo,EN,200,variation,general,,2026-02-12 15:16:52
https://sharmag.com,sharmag.com,,UNK,200,variation,general,,2026-02-12 15:16:52
https://sharmarket.com,sharmarket.com,,UNK,200,variation,ecommerce,,2026-02-12 15:16:52
https://sharmarket.net,sharmarket.net,,UNK,SSL_ERR,variation,ecommerce,,2026-02-12 15:16:52
https://sharmusic.com,sharmusic.com,The Premier String Instruments Shop Online | Shar Music,EN,200,variation,culture_arts,,2026-02-12 15:16:52
https://sharmusic.net,sharmusic.net,Unlocking the Power of Music Therapy at Sharma Music,EN,200,variation,culture_arts,SSL warning,2026-02-12 15:16:52
https://sharnews.com,sharnews.com,mamma,EN,200,variation,news_media,,2026-02-12 15:16:52
https://sharnow.com,sharnow.com,SharNow.com is for sale | HugeDomains,EN,200,variation,general,SSL warning,2026-02-12 15:16:52
https://sharonline.com,sharonline.com,SharonLine.com is for sale | HugeDomains,EN,200,variation,general,,2026-02-12 15:16:53
https://sharpost.com,sharpost.com,,UNK,404,variation,general,,2026-02-12 15:16:53
https://sharpress.com,sharpress.com,Redirecting...,EN,200,discovered,discovered,SSL warning,2026-02-12 14:58:54
https://sharpress.net/,sharpress.net,SHARPRESS,CKB,200,known_media,news_media,Sharpress news,2026-02-12T14:52:50Z
https://sharshop.com,sharshop.com,,UNK,200,variation,ecommerce,,2026-02-12 15:16:53
https://shartech.com,shartech.com,Shartech,UNK,200,variation,technology,SSL warning,2026-02-12 15:16:53
https://shayan.tiu.edu.iq,shayan.tiu.edu.iq,Handmade Home - Shayan,EN/CKB,200,crawl,education,,2026-02-12 15:06:40
https://shekhan.com,shekhan.com,Shekhan.com is for sale | HugeDomains,EN,200,variation,general,,2026-02-12 15:06:40
https://shekhan.net,shekhan.net,WordPress › Error,EN,200,variation,general,,2026-02-12 15:06:40
https://shingalmedia.com/,shingalmedia.com,,UNK,,religious,religious,Shingal Media,2026-02-12T14:53:21Z
https://siirt.com,siirt.com,,UNK,200,variation,general,,2026-02-12 15:06:40
https://siirt.net,siirt.net,,UNK,200,variation,general,SSL warning,2026-02-12 15:06:40
https://siirtnews.com,siirtnews.com,siir - My WordPress Blog,EN,200,variation,news_media,,2026-02-12 15:06:40
https://siirtpost.com,siirtpost.com,,UNK,200,variation,general,,2026-02-12 15:06:40
https://siirtpress.com,siirtpress.com,Siirt Press,TR/KMR,200,variation,news_media,,2026-02-12 15:16:53
https://silopi.org,silopi.org,Redirecting...,EN,200,variation,general,,2026-02-12 15:16:54
https://silvan.net,silvan.net,silvan.net - This website is for sale! - Silvan Resources and Information.,EN,200,variation,general,SSL warning,2026-02-12 15:16:54
https://silvanmedia.com,silvanmedia.com,,UNK,403,variation,news_media,,2026-02-12 15:16:54
https://silvannews.com,silvannews.com,Silvan News- Home of Diverse Stories | Homepage,EN,200,variation,news_media,SSL warning,2026-02-12 15:16:55
https://silvanonline.net,silvanonline.net,,UNK,200,variation,general,,2026-02-12 15:16:55
https://simele.com,simele.com,,UNK,200,variation,general,,2026-02-12 15:16:55
https://sinaahmadi.github.io/,sinaahmadi.github.io,Welcome to Sina Ahmadi's Personal Page · Sina Ahmadi's Personal Page,EN,200,cultural,cultural,Sina Ahmadi Kurdish NLP research,2026-02-12T14:53:20Z
https://sine.net,sine.net,,UNK,200,variation,general,,2026-02-12 15:06:40
https://sine.org,sine.org,SIGN | Music Festival & Conference 2026,EN,200,variation,general,,2026-02-12 15:06:40
https://sinenews.com,sinenews.com,sinenews- No.1 Nepal News Portal,EN,200,variation,news_media,,2026-02-12 15:06:40
https://sineonline.com,sineonline.com,SineOnline.com is for sale | HugeDomains,EN,200,variation,general,,2026-02-12 15:06:41
https://sinepost.com,sinepost.com,,UNK,200,variation,general,,2026-02-12 15:06:42
https://sinepost.net,sinepost.net,,UNK,404,variation,general,,2026-02-12 15:06:42
https://sirnak.com,sirnak.com,,UNK,200,variation,general,,2026-02-12 15:06:42
https://sis.soran.edu.iq,sis.soran.edu.iq,Soran University,AR,200,crawl,education,,2026-02-12 15:06:42
https://siverek.com,siverek.com,,UNK,200,variation,general,SSL warning,2026-02-12 15:16:55
https://siverek.org,siverek.org,,UNK,200,variation,general,,2026-02-12 15:16:55
https://slemani.com/,slemani.com,,UNK,,ecommerce,ecommerce,Slemani city portal,2026-02-12T14:53:22Z
https://slemanipress.net,slemanipress.net,home - Slemani press,CKB,200,variation,news_media,,2026-02-12 15:06:42
https://smartnews.agency/,smartnews.agency,,UNK,,known_media,news_media,Smart News Agency,2026-02-12T14:53:02Z
https://solhan.com,solhan.com,,UNK,200,variation,general,,2026-02-12 15:16:55
https://solhan.net,solhan.net,,UNK,403,variation,general,,2026-02-12 15:16:55
https://solhan.org,solhan.org,Solhan İlçesi | Bingöl'ün Doğa Harikası,TR,200,variation,general,,2026-02-12 15:16:55
https://sonqor.com,sonqor.com,,UNK,200,variation,general,,2026-02-12 15:16:55
https://soran.com,soran.com,Our Mission - Soran Inc.,EN,200,variation,general,SSL warning,2026-02-12 15:06:42
https://soran.edu.iq,soran.edu.iq,,UNK,404,crawl,education,,2026-02-12 15:16:56
https://sorani.anf-news.com,sorani.anf-news.com,"ANF |
        Articles",CKB,200,discovered,discovered,,2026-02-12 14:58:54
https://sorani.online,sorani.online,Betcio En Güvenilir Bahis ve Casino Sitesi - Betcio.com,EN,200,variation,general,,2026-02-12 15:16:56
https://soranimusic.com,soranimusic.com,,UNK,SSL_ERR,variation,culture_arts,,2026-02-12 15:16:56
https://soranonline.com,soranonline.com,,TR,200,variation,general,,2026-02-12 15:06:42
https://sotkurdistan.net,sotkurdistan.net,صوت كوردستان,AR,200,discovered,discovered,,2026-02-12 14:58:54
https://spartanews.com,spartanews.com,,UNK,200,variation,news_media,SSL warning,2026-02-12 15:06:42
https://speda.com,speda.com,,UNK,200,discovered,discovered,,2026-02-12 14:58:55
https://speda.io,speda.io,SPEDA - Automating Data Extraction from Health Records,EN,200,discovered,discovered,,2026-02-12 14:58:55
https://speda.net,speda.net,,UNK,403,variation,general,,2026-02-12 15:16:56
https://speda.tv/,speda.tv,,UNK,,tv_channels,tv_channels,Speda TV,2026-02-12T14:53:06Z
https://spedahub.com,spedahub.com,Home - Spedahub Cafe,EN,200,variation,general,,2026-02-12 15:16:56
https://spee.io,spee.io,,UNK,200,discovered,discovered,,2026-02-12 14:58:56
https://spee.me,spee.me,,UNK,200,discovered,discovered,,2026-02-12 14:58:57
https://spee.net,spee.net,spee.net,EN,200,discovered,discovered,,2026-02-12 14:58:57
https://spee.tv,spee.tv,spee.tv,EN,200,discovered,discovered,,2026-02-12 14:58:57
https://speemedia.com/,speemedia.com,سپی میدیا,CKB,200,known_media,news_media,Spee Media,2026-02-12T14:53:00Z
https://sportskurd.com/,sportskurd.com,,UNK,,sports,sports,Sports Kurd,2026-02-12T14:53:29Z
https://spu.edu.iq,spu.edu.iq,,UNK,200,variation,education,,2026-02-12 15:06:43
https://staff.lfu.edu.krd,staff.lfu.edu.krd,LFU Academic Staff,UNK,200,discovered,discovered,,2026-02-12 14:58:57
https://staff.soran.edu.iq,staff.soran.edu.iq,Staff,EN,200,crawl,education,,2026-02-12 15:06:43
https://sterk.tv/,sterk.tv,Stêrk TV – Li Ser Şopa Heqîqetê,KMR,200,known_media,news_media,Sterk TV,2026-02-12T14:53:00Z
https://story.auis.edu.krd,story.auis.edu.krd,,UNK,403,discovered,discovered,,2026-02-12 14:58:57
https://su.edu.iq/,su.edu.iq,,UNK,,universities,education,Sulaimani University (iq),2026-02-12T14:53:15Z
https://su.edu.krd/,su.edu.krd,Just a moment...,EN,403,universities,education,Salahaddin University,2026-02-12T14:53:14Z
https://submit.auas.edu.krd,submit.auas.edu.krd,AUAS Staff Portal Form,EN,200,crawl,education,,2026-02-12 15:16:56
https://sul.tiu.edu.iq,sul.tiu.edu.iq,Tishk International University Sulaimani - TIU Sulimani - Ishik University slemani,EN,200,crawl,education,,2026-02-12 15:06:43
https://sulaymani.net,sulaymani.net,الشيخ أبو الحسن السليماني المأربي – موقع فضيلة الشيخ أبي الحسن مصطفى السليماني,AR,200,variation,general,,2026-02-12 15:16:56
https://sulaymaniyah.com/,sulaymaniyah.com,,UNK,503,ecommerce,ecommerce,Sulaymaniyah city portal,2026-02-12T14:53:22Z
https://sulaymaniyah.net,sulaymaniyah.net,,UNK,200,variation,general,SSL warning,2026-02-12 15:16:56
https://suli-lecture-notes.tiu.edu.iq,suli-lecture-notes.tiu.edu.iq,Lecture Notes - TIU - Lecture Notes,EN,200,crawl,education,,2026-02-12 15:16:57
https://sulicihan.edu.krd,sulicihan.edu.krd,Cihan University of Sulaimaniya,EN/CKB,200,crawl,education,,2026-02-12 15:16:57
https://sur.com,sur.com,,UNK,403,variation,general,,2026-02-12 15:16:57
https://surmedia.com,surmedia.com,surmedia.com - This website is for sale! - surmedia Resources and Information.,EN,200,variation,news_media,,2026-02-12 15:16:57
https://surmedia.net,surmedia.net,,UNK,200,variation,news_media,,2026-02-12 15:16:58
https://surnews.com,surnews.com,SurNews.com is for sale | HugeDomains,EN,200,variation,news_media,,2026-02-12 15:16:58
https://suronline.com,suronline.com,SurOnline.com is for sale | HugeDomains,EN,200,variation,general,,2026-02-12 15:16:58
https://suronline.net,suronline.net,Sur On Line,UNK,200,variation,general,,2026-02-12 15:16:58
https://surpost.com,surpost.com,Home - Surpost - Voor al uw lucht- en zeevracht diensten,TR,200,variation,general,,2026-02-12 15:16:58
https://surpress.com,surpress.com,surpress.com - This website is for sale! - surpress suppress Resources and Information.,EN,200,variation,news_media,,2026-02-12 15:16:59
https://surpress.net,surpress.net,,UNK,404,variation,news_media,,2026-02-12 15:16:59
https://surtoday.com,surtoday.com,财神捕鱼官方网站 | 财神捕鱼游戏,UNK,200,variation,general,,2026-02-12 15:16:59
https://surtv.com,surtv.com,SurTv.com is for sale | HugeDomains,EN,200,variation,tv_radio,,2026-02-12 15:16:59
https://syriandemocraticcouncil.us/,syriandemocraticcouncil.us,,UNK,,government,government,Syrian Democratic Council,2026-02-12T14:53:08Z
https://tabqa.net,tabqa.net,الإدارة الذاتية الديمقراطية لمقاطعة الطبقة,AR,200,variation,general,,2026-02-12 15:06:43
https://tevdem.org/,tevdem.org,,UNK,200,government,government,TEV-DEM,2026-02-12T14:53:09Z
https://theinsightinternational.com/,theinsightinternational.com,Insight International - The Insight International,"EN, KMR",200,known_media,news_media,The Insight International,2026-02-12T14:52:51Z
https://thekurdisharena.com/,thekurdisharena.com,,UNK,,blogs,blogs,The Kurdish Arena,2026-02-12T14:53:31Z
https://thekurdishproject.org/,thekurdishproject.org,,UNK,,cultural,cultural,The Kurdish Project (the),2026-02-12T14:53:19Z
https://thekurdistani-com.cdn.ampproject.org,thekurdistani-com.cdn.ampproject.org,,UNK,404,crawl,general,,2026-02-12 15:06:43
https://thekurdistani.com,thekurdistani.com,PM77TOTO |✈️ Game Online Deposit Pulsa Tanpa Potongan 2025,EN,200,discovered,discovered,,2026-02-12 14:58:58
https://thesis.uoh.edu.iq,thesis.uoh.edu.iq,,EN,200,crawl,education,,2026-02-12 15:16:59
https://tishk.com,tishk.com,Tishk Shoes,EN,200,discovered,discovered,,2026-02-12 14:58:58
https://tishk.net,tishk.net,,UNK,200,discovered,discovered,,2026-02-12 14:58:58
https://tishk.org,tishk.org,TISHK Center for Kurdistan Studies,EN,200,discovered,discovered,,2026-02-12 14:58:58
https://tishk.tv/,tishk.tv,,UNK,,tv_channels,tv_channels,Tishk TV,2026-02-12T14:53:06Z
https://tishkgroup.com,tishkgroup.com,,UNK,200,variation,general,,2026-02-12 15:16:59
https://tishkgroup.net,tishkgroup.net,"Engineering, Construction & Development | Tishk Group",EN,200,variation,general,,2026-02-12 15:17:00
https://tishktv.com,tishktv.com,TishkTv.com is for sale | HugeDomains,EN,200,variation,tv_radio,,2026-02-12 15:17:01
https://tiu.edu.iq/,tiu.edu.iq,Tishk International University TIU - previously Known As Ishik University,EN,200,universities,education,Tishk International University,2026-02-12T14:53:15Z
https://tqa.uoh.edu.iq,tqa.uoh.edu.iq,UOH,HAW,200,crawl,education,,2026-02-12 15:17:01
https://trtkurdi.com.tr/,trtkurdi.com.tr,,UNK,,known_media,news_media,TRT Kurdi,2026-02-12T14:52:51Z
https://trtradiokurdi.com/,trtradiokurdi.com,,UNK,,radio_stations,radio,TRT Radio Kurdi,2026-02-12T14:53:07Z
https://tunceli.org,tunceli.org,"PÜLÜMÜR HABER – Yazılar, haberler ve daha fazlası…",TR,200,variation,general,,2026-02-12 15:06:43
https://tuncelitv.com,tuncelitv.com,Site em ManutenÃ§Ã£o,UNK,200,variation,tv_radio,,2026-02-12 15:06:43
https://uhd.edu.iq/,uhd.edu.iq,Home Page | UHD,EN,200,universities,education,University of Human Development,2026-02-12T14:53:14Z
https://ukh.edu.krd/,ukh.edu.krd,"University of Kurdistan Hewlêr – To register for the conference, please click on the buttons below","EN, KMR",200,universities,education,University of Kurdistan Hewler,2026-02-12T14:53:15Z
https://ums.lfu.edu.krd,ums.lfu.edu.krd,- LFU,UNK,200,discovered,discovered,,2026-02-12 14:58:58
https://unicdc.soran.edu.iq,unicdc.soran.edu.iq,CDC SORAN UNIVERSTY,EN,200,crawl,education,,2026-02-12 15:06:44
https://uod.ac/,uod.ac,University of Duhok (UoD),"EN, KMR",200,universities,education,University of Duhok,2026-02-12T14:53:14Z
https://uoh.edu.iq,uoh.edu.iq,University of Halabja – UoH,EN,200,variation,education,,2026-02-12 15:06:44
https://uor.edu.krd/,uor.edu.krd,University of Raparin – UoR,EN,200,universities,education,University of Raparin,2026-02-12T14:53:15Z
https://uos.edu.krd/,uos.edu.krd,,UNK,,universities,education,University of Sulaimani,2026-02-12T14:53:14Z
https://urfa.com,urfa.com,Urfa Son Dakika Haberleri | Urfa.com Güncel Haber,TR,200,variation,general,SSL warning,2026-02-12 15:06:44
https://urfa.info,urfa.info,,UNK,200,variation,general,,2026-02-12 15:06:44
https://urfa.net,urfa.net,Urfa.net,EN/TR,200,variation,general,,2026-02-12 15:06:45
https://urfanews.com,urfanews.com,"Şanlıurfa Haberleri, Son Dakika Urfa Gelişmeleri ve Taziyeler",TR,200,variation,news_media,,2026-02-12 15:06:45
https://urfatv.com,urfatv.com,"Mu88 - Trang chủ đăng ký, đăng nhập Mu88.com 2025",UNK,200,variation,tv_radio,,2026-02-12 15:17:01
https://vac.health.digital.gov.krd,vac.health.digital.gov.krd,Vaccine pre-registration,EN/CKB,200,discovered,discovered,,2026-02-12 14:58:59
https://van.org,van.org,Vocal Area Network: New York's home for vocal ensemble music,EN,200,variation,general,,2026-02-12 15:06:46
https://vanmedia.com,vanmedia.com,,UNK,403,variation,news_media,,2026-02-12 15:06:46
https://vanpost.com,vanpost.com,VanPost.com is for sale | HugeDomains,EN,200,variation,general,,2026-02-12 15:06:46
https://vantoday.com,vantoday.com,,UNK,SSL_ERR,variation,general,,2026-02-12 15:06:46
https://vantv.com,vantv.com,VANTV.COM  MAY BE FOR SALE,EN,200,variation,tv_radio,,2026-02-12 15:06:47
https://varto.info,varto.info,,UNK,403,variation,culture_arts,,2026-02-12 15:17:01
https://varto.net,varto.net,Index of /,UNK,200,variation,culture_arts,,2026-02-12 15:17:01
https://varzkurdistan.com/,varzkurdistan.com,,UNK,,sports,sports,Varz Kurdistan,2026-02-12T14:53:29Z
https://vendpress.com,vendpress.com,,UNK,200,variation,news_media,SSL warning,2026-02-12 15:06:47
https://vimfoundation.krd,vimfoundation.krd,Home - Vim Foundation,EN,200,crawl,general,,2026-02-12 15:17:03
https://vintv.com,vintv.com,VINtv,EN,200,discovered,discovered,,2026-02-12 14:58:59
https://vintv.net/,vintv.net,,UNK,,tv_channels,tv_channels,Vin TV,2026-02-12T14:53:05Z
https://viransehir.com,viransehir.com,,UNK,200,variation,general,,2026-02-12 15:17:03
https://viransehir.net,viransehir.net,MEB-AGS | Akıllı Sınav Hazırlık Platformu,TR,200,variation,general,,2026-02-12 15:17:03
https://visitduhok.com,visitduhok.com,visitduhok.com,EN,200,variation,tourism,,2026-02-12 15:06:48
https://visiterbil.com,visiterbil.com,My Blog – My WordPress Blog,EN,200,variation,tourism,,2026-02-12 15:06:48
https://visitkurdistan.krd/,visitkurdistan.krd,Visit Kurdistan,"EN, KMR",200,government,government,Kurdistan tourism board,2026-02-12T14:53:08Z
https://voakurdish.com/,voakurdish.com,,UNK,,known_media,news_media,VOA Kurdish service,2026-02-12T14:52:51Z
https://waar.tv/,waar.tv,,UNK,200,tv_channels,tv_channels,Waar TV,2026-02-12T14:53:07Z
https://warvin.com,warvin.com,Warvin.com is for sale | HugeDomains,EN,200,variation,general,,2026-02-12 15:17:03
https://warvin.org/,warvin.org,The Largest Banks - ​​How to Transfer Money With Only Card Number and CVV (2026),EN,200,ngo,ngo,Warvin Organization,2026-02-12T14:53:27Z
https://web.tiu.edu.iq,web.tiu.edu.iq,Home - Law Faculty,EN,200,crawl,education,,2026-02-12 15:17:03
https://welat.me,welat.me,,UNK,200,variation,general,,2026-02-12 15:06:48
https://welatparez.com/,welatparez.com,,UNK,,cultural,cultural,Welat Parez,2026-02-12T14:53:18Z
https://welattv.com,welattv.com,Destpêk | Welat TV,KMR,200,variation,tv_radio,,2026-02-12 15:06:48
https://welattv.net,welattv.net,Destpêk | Welat TV,KMR,200,variation,tv_radio,,2026-02-12 15:06:49
https://wlatey.me/,wlatey.me,,UNK,,blogs,blogs,Wlatey blog,2026-02-12T14:53:32Z
https://womeninwar.org/,womeninwar.org,,UNK,,ngo,ngo,Women in War,2026-02-12T14:53:28Z
https://workshops.tiu.edu.iq,workshops.tiu.edu.iq,Home - Workshops,EN,200,crawl,education,,2026-02-12 15:06:50
https://xebat.net,xebat.net,,UNK,403,discovered,discovered,,2026-02-12 14:58:59
https://xebat.org,xebat.org,XEBAT – XEBAT JI BO SERXWEBÛNA KURDISTANÊ,TR/KMR,200,discovered,discovered,,2026-02-12 14:58:59
https://xebatmedia.com,xebatmedia.com,,UNK,200,variation,news_media,,2026-02-12 15:06:50
https://xelk.org/,xelk.org,Home - تۆڕی میدیایی خەڵک,CKB,200,known_media,news_media,Xelk media,2026-02-12T14:53:00Z
https://xendan.org/,xendan.org,,UNK,,known_media,news_media,Xendan news agency,2026-02-12T14:52:50Z
https://xoybun.com/,xoybun.com,,UNK,503,known_media,news_media,Xoybun media,2026-02-12T14:53:00Z
https://xudanews.com/,xudanews.com,,UNK,,religious,religious,Xuda News,2026-02-12T14:53:21Z
https://yekgirtu.org/,yekgirtu.org,,UNK,,political_parties,political_parties,Kurdistan Islamic Union,2026-02-12T14:53:09Z
https://yenisehir.com,yenisehir.com,,UNK,SSL_ERR,variation,general,,2026-02-12 15:17:05
https://yezidi.com,yezidi.com,yezidi.com,EN,200,discovered,discovered,,2026-02-12 14:58:59
https://yezidi.net,yezidi.net,Yezidi,EN,200,discovered,discovered,,2026-02-12 14:58:59
https://yezidi.org/,yezidi.org,,UNK,503,religious,religious,Yezidi international,2026-02-12T14:53:20Z
https://yezidipost.com/,yezidipost.com,,UNK,,religious,religious,Yezidi Post news,2026-02-12T14:53:21Z
https://yezidism.com/,yezidism.com,,UNK,,religious,religious,Yezidism information,2026-02-12T14:53:21Z
https://ypgrojava.org/,ypgrojava.org,Just a moment...,EN,403,political_parties,political_parties,YPG Rojava,2026-02-12T14:53:12Z
https://yuksekova.com,yuksekova.com,,UNK,200,variation,general,,2026-02-12 15:17:06
https://yuksekova.org,yuksekova.org,,UNK,200,variation,general,,2026-02-12 15:17:06
https://yxkonline.com/,yxkonline.com,Togel88 >> Live Prediksi Keluaran Angka Toto Paling Viral 2025!,UNK,200,diaspora,diaspora,YXK Online,2026-02-12T14:53:23Z
https://zagros.online,zagros.online,TOGOGYM ZAGROS,UNK,200,variation,general,,2026-02-12 15:17:06
https://zagros.org,zagros.org,پێگه‌ی زاگرۆس,CKB,200,variation,general,,2026-02-12 15:17:06
https://zagros.tv/,zagros.tv,,UNK,,tv_channels,tv_channels,Zagros TV,2026-02-12T14:53:04Z
https://zagros.xyz,zagros.xyz,,UNK,403,variation,general,,2026-02-12 15:17:07
https://zagrosfilm.com,zagrosfilm.com,Zagros Film,EN,200,variation,culture_arts,,2026-02-12 15:17:07
https://zagrosgroup.com,zagrosgroup.com,ZagrosGroup.com is for sale | HugeDomains,EN,200,variation,general,,2026-02-12 15:17:07
https://zagrosmedia.net,zagrosmedia.net,Account Suspended,UNK,200,variation,news_media,,2026-02-12 15:17:07
https://zagrosmedia.org,zagrosmedia.org,,UNK,403,variation,news_media,,2026-02-12 15:17:07
https://zagrosn.com,zagrosn.com,Home - zagros news agency,CKB,200,crawl,general,,2026-02-12 15:06:50
https://zagrosnet.com,zagrosnet.com,ZagrosNet.com is for sale | HugeDomains,EN,200,variation,general,,2026-02-12 15:17:08
https://zagrosnews.com,zagrosnews.com,zagrosnews.com - zagrosnews Resources and Information.,EN,200,variation,news_media,,2026-02-12 15:17:08
https://zagrosnews.net,zagrosnews.net,الرئيسية | زاكروس عربية,AR,200,variation,news_media,,2026-02-12 15:17:08
https://zagrosonline.com,zagrosonline.com,,UNK,200,variation,general,,2026-02-12 15:17:08
https://zagrospost.com,zagrospost.com,زاگرۆس پۆست,CKB,200,variation,general,,2026-02-12 15:17:08
https://zagrossport.com,zagrossport.com,زاگرس اسپرت | فروشگاه لوازم کوهنوردی، کمپینگ و طبیعت گردی,FA,200,variation,sports,,2026-02-12 15:17:08
https://zagrosstore.com,zagrosstore.com,,UNK,SSL_ERR,variation,ecommerce,,2026-02-12 15:17:08
https://zagrostech.com,zagrostech.com,,UNK,SSL_ERR,variation,technology,,2026-02-12 15:17:08
https://zagrostravel.com,zagrostravel.com,,UNK,SSL_ERR,variation,tourism,,2026-02-12 15:17:08
https://zagrostv.com,zagrostv.com,ZagrosTv.com is for sale | HugeDomains,EN,200,discovered,discovered,,2026-02-12 14:58:59
https://zagrostv.info,zagrostv.info,,UNK,403,discovered,discovered,,2026-02-12 14:58:59
https://zakho.net,zakho.net,,UNK,200,variation,general,,2026-02-12 15:06:51
https://zanist.krd,zanist.krd,Zanist - Coming Soon,KMR,200,discovered,discovered,,2026-02-12 14:58:59
https://zanist.org/,zanist.org,,UNK,,blogs,blogs,Zanist research,2026-02-12T14:53:30Z
https://zanist.xyz,zanist.xyz,Zanist - Explore the Frontiers of Science,EN,200,variation,general,,2026-02-12 15:06:51
https://zanko.com,zanko.com,,UNK,200,discovered,discovered,,2026-02-12 14:59:00
https://zanko.net,zanko.net,,UNK,200,discovered,discovered,,2026-02-12 14:59:00
https://zanko.org,zanko.org,Redirecting...,EN,200,discovered,discovered,,2026-02-12 14:59:00
https://zanko.tv,zanko.tv,,UNK,SSL_ERR,discovered,discovered,,2026-02-12 14:59:00
https://zankoline.com/,zankoline.com,,UNK,,blogs,blogs,Zanko Online,2026-02-12T14:53:31Z
https://zankolms.auas.edu.krd,zankolms.auas.edu.krd,Zanko LMS - Learning Management System,EN,200,crawl,education,,2026-02-12 15:17:09
https://zankomarket.com,zankomarket.com,,UNK,SSL_ERR,variation,education,,2026-02-12 15:17:09
https://zankosport.com,zankosport.com,,UNK,SSL_ERR,variation,education,,2026-02-12 15:17:09
https://zaroktv.com/,zaroktv.com,,UNK,,tv_channels,tv_channels,Zarok TV children's channel,2026-02-12T14:53:06Z
https://zaxo.com,zaxo.com,zaxo.com - Zaxo Resources and Information.,EN,200,variation,general,,2026-02-12 15:06:51
https://zaxo.net,zaxo.net,,UNK,200,variation,general,,2026-02-12 15:06:51
https://zaxotv.com,zaxotv.com,,UNK,200,variation,tv_radio,,2026-02-12 15:06:51
https://zaza.com,zaza.com,,EN,200,discovered,discovered,,2026-02-12 14:59:00
https://zaza.info,zaza.info,Zaza Casino — official site - My Blog,EN,200,discovered,discovered,,2026-02-12 14:59:00
https://zaza.media,zaza.media,,UNK,200,discovered,discovered,SSL warning,2026-02-12 14:59:00
https://zaza.org,zaza.org,,UNK,200,discovered,discovered,,2026-02-12 14:59:00
https://zaza.press,zaza.press,,UNK,200,discovered,discovered,,2026-02-12 14:59:01
https://zazaki.net,zazaki.net,Zazaki.Net,TR/ZZA/EN,200,discovered,discovered,SSL warning,2026-02-12 14:59:01
https://zazakinews.com,zazakinews.com,,UNK,SSL_ERR,variation,news_media,,2026-02-12 15:17:10
https://zheen.com/,zheen.com,,UNK,,cultural,cultural,Zheen cultural center,2026-02-12T14:53:19Z
https://zhiannews.com/,zhiannews.com,,UNK,,known_media,news_media,Zhian News,2026-02-12T14:53:02Z
https://zimannas.wordpress.com/,zimannas.wordpress.com,,UNK,,cultural,cultural,Zimannas Kurdish language blog,2026-02-12T14:53:20Z
https://zivmagazine.com/,zivmagazine.com,zîv - Kurdish Mosaic,"KMR, EN",200,cultural,cultural,Ziv Magazine,2026-02-12T14:53:18Z
https://zkurd.org,zkurd.org,ZKurd زانستپەروەرانی کورد - بە زانست بەهێزین,CKB,200,crawl,general,,2026-02-12 15:17:10
https://zoomnews.tv/,zoomnews.tv,,UNK,,tv_channels,tv_channels,Zoom News TV,2026-02-12T14:53:07Z
