url,domain,title,language_detected,kurdish_dialect_group,status_code,source,category,notes,checked_at
https://24.krd,24.krd,Kurdistan24 - کوردستان 24,CKB (Central Kurdish / Sorani),CKB (Sorani),200,common_crawl,General,,2026-02-12 15:05:29
https://8th.cabinet.gov.krd,8th.cabinet.gov.krd,حکومەتی هەرێمی كوردستان,CKB (Central Kurdish / Sorani),CKB (Sorani),200,discovered,General,,2026-02-12 14:58:27
https://964.krd,964.krd,+964,CKB (Central Kurdish / Sorani),CKB (Sorani),200,common_crawl,General,,2026-02-12 15:05:29
https://analog.krd,analog.krd,Analog Technology Agency,CKB (Central Kurdish / Sorani),CKB (Sorani),200,common_crawl,General,,2026-02-12 15:05:30
https://araratpti.edu.krd,araratpti.edu.krd,پەیمانگەها ئاڕاڕات,CKB (Central Kurdish / Sorani) / Arabic,CKB (Sorani),200,common_crawl,Education,,2026-02-12 15:05:30
https://archive.gorran.net,archive.gorran.net,GORRAN.NET ||,CKB (Central Kurdish / Sorani),CKB (Sorani),200,crawl,Political,,2026-02-12 15:05:30
https://ashti.krd,ashti.krd,رێکخراوی ئاشتی، بۆ مافەکانی مرۆڤ رێکخراوی ئاشتی، بۆ مافەکانی مرۆڤ - مافەکانی مرۆڤ سەرەکیترین مافەکانی ھەر مرۆڤێک کە تەنھا بە ھۆی مرۆڤ بوونەوە پێی دەبەخشرێت,CKB (Central Kurdish / Sorani),CKB (Sorani),200,variation,General,,2026-02-12 15:15:21
https://auas.edu.krd,auas.edu.krd,زانکۆیا ئاکرێ بۆ زانستێن کرداری - AUAS,CKB (Central Kurdish / Sorani),CKB (Sorani),200,common_crawl,Education,,2026-02-12 15:05:30
https://aynda.edu.krd,aynda.edu.krd,پەیمانگای ئایندە,CKB (Central Kurdish / Sorani),CKB (Sorani),200,common_crawl,Education,,2026-02-12 15:05:30
https://cc.cihanuniversity.edu.iq,cc.cihanuniversity.edu.iq,زانكۆی جیهان-سه‌نته‌ری رۆشنبیری جیهان – زانكۆی جیهان-سه‌نته‌ری رۆشنبیری جیهان,CKB (Central Kurdish / Sorani),CKB (Sorani),200,crawl,Education,,2026-02-12 15:15:40
https://ckb.wikibooks.org,ckb.wikibooks.org,دەستپێک - Wb/ckb - Wikimedia Incubator,English / CKB (Central Kurdish / Sorani),CKB (Sorani),200,discovered,General,,2026-02-12 14:58:27
https://ckb.wikinews.org,ckb.wikinews.org,دەستپێک - Wn/ckb - Wikimedia Incubator,CKB (Central Kurdish / Sorani) / English,CKB (Sorani),200,discovered,General,,2026-02-12 14:58:27
https://ckb.wikipedia.org/,ckb.wikipedia.org,ویکیپیدیا، ئینسایکڵۆپیدیای ئازاد,CKB (Central Kurdish / Sorani),CKB (Sorani),200,cultural,Culture & Reference,Wikipedia Sorani Kurdish,2026-02-12T14:53:16Z
https://ckb.wikiquote.org,ckb.wikiquote.org,دەستپێک - Wq/ckb - Wikimedia Incubator,CKB (Central Kurdish / Sorani) / English,CKB (Sorani),200,discovered,General,,2026-02-12 14:58:27
https://ckb.wikivoyage.org,ckb.wikivoyage.org,دەستپێک - Wy/ckb - Wikimedia Incubator,English / CKB (Central Kurdish / Sorani),CKB (Sorani),200,discovered,General,,2026-02-12 14:58:27
https://ckb.wiktionary.org/,ckb.wiktionary.org,ویکیفەرھەنگ,CKB (Central Kurdish / Sorani),CKB (Sorani),200,cultural,Culture & Reference,Wiktionary Sorani Kurdish,2026-02-12T14:53:16Z
https://class.koyauniversity.org,class.koyauniversity.org,Koya University,CKB (Central Kurdish / Sorani),CKB (Sorani),200,crawl,Education,,2026-02-12 15:05:41
https://devs.krd,devs.krd,گەشەپێدەرانی کورد | زانستی کۆمپیوتەر بە کوردی و بە پوختی,CKB (Central Kurdish / Sorani),CKB (Sorani),200,discovered,General,SSL warning,2026-02-12 14:58:27
https://duhoktv.net,duhoktv.net,DUHOK TV | مالپەرێ فەرمی یێ كەنالێ دهوك,CKB (Central Kurdish / Sorani),CKB (Sorani),200,variation,TV & Radio,,2026-02-12 15:05:49
https://ebazar.net/,ebazar.net,Online Shopping in Iraq and Kurdistan,English / CKB (Central Kurdish / Sorani),CKB (Sorani),200,ecommerce,E-Commerce,eBazar marketplace,2026-02-12T14:53:21Z
https://gksat.tv/,gksat.tv,GK Sat : کەناڵی ئاسمانی گەلی کوردستان,CKB (Central Kurdish / Sorani),CKB (Sorani),200,tv_channels,TV & Radio,GK Sat TV,2026-02-12T14:53:04Z
https://gorran.net/,gorran.net,Gorran,CKB (Central Kurdish / Sorani),CKB (Sorani),200,political_parties,Political,Gorran Movement,2026-02-12T14:53:09Z
https://gov.krd/,gov.krd,حکومەتی هەرێمی كوردستان,CKB (Central Kurdish / Sorani),CKB (Sorani),200,government,Government,KRG official portal,2026-02-12T14:53:07Z
https://hajj.digital.gov.krd,hajj.digital.gov.krd,دەروازەی حەج,CKB (Central Kurdish / Sorani),CKB (Sorani),200,crawl,Government,,2026-02-12 15:16:06
https://hawar.net,hawar.net,پەڕەی سەرەکی - هەوار - Hawar,KMR (Northern Kurdish / Kurmanji) / CKB (Central Kurdish / Sorani),CKB (Sorani),200,discovered,General,,2026-02-12 14:58:35
https://hawlati.co/,hawlati.co,هاوڵاتی - سەرەکی,CKB (Central Kurdish / Sorani),CKB (Sorani),200,known_media,News & Media,Hawlati newspaper,2026-02-12T14:52:50Z
https://hawpshti.com/,hawpshti.com,index - Hawpshti,CKB (Central Kurdish / Sorani),CKB (Sorani),200,blogs,Blogs & Forums,Hawpshti,2026-02-12T14:53:32Z
https://kirkuknow.com/,kirkuknow.com,كه‌ركوك ناو,CKB (Central Kurdish / Sorani),CKB (Sorani),200,known_media,News & Media,Kirkuk-focused news,2026-02-12T14:52:50Z
https://kirkukpost.net,kirkukpost.net,Kirkuk Post – Media Network,CKB (Central Kurdish / Sorani) / Arabic,CKB (Sorani),200,variation,General,,2026-02-12 15:06:03
https://komala.com,komala.com,دەستپێک - Komala Party of Iranian Kurdistan,CKB (Central Kurdish / Sorani),CKB (Sorani),200,variation,Political,,2026-02-12 15:16:17
https://komala.org/,komala.org,پێگەی فەرمی حیزبی کۆمەڵە,CKB (Central Kurdish / Sorani),CKB (Sorani),200,political_parties,Political,Komala Party,2026-02-12T14:53:10Z
https://koyauniversity.org/,koyauniversity.org,Home | Koya University,CKB (Central Kurdish / Sorani) / English,CKB (Sorani),200,universities,Education,Koya University,2026-02-12T14:53:15Z
https://krso.gov.krd/,krso.gov.krd,ده‌سته‌ى ئامارى هه‌رێمى كوردستان,CKB (Central Kurdish / Sorani),CKB (Sorani),200,government,Government,Kurdistan Region Statistics Office,2026-02-12T14:53:08Z
https://kurd24.net,kurd24.net,Kurd24,CKB (Central Kurdish / Sorani),CKB (Sorani),200,discovered,General,,2026-02-12 14:58:36
https://kurdch.tv,kurdch.tv,Kurdch,CKB (Central Kurdish / Sorani) / English,CKB (Sorani),200,discovered,General,,2026-02-12 14:58:36
https://kurdcinama.com,kurdcinama.com,کوردسینەما | Kurd Cinema,CKB (Central Kurdish / Sorani) / KMR (Northern Kurdish / Kurmanji),CKB (Sorani),200,discovered,General,,2026-02-12 14:58:36
https://kurdi.krd,kurdi.krd,پرۆژە زانستیەکانی زمان، ئەدەب و کولتووری کورد,CKB (Central Kurdish / Sorani),CKB (Sorani),200,discovered,General,SSL warning,2026-02-12 14:58:38
https://kurdicenter.com,kurdicenter.com,خانه - کوردی سنتر,CKB (Central Kurdish / Sorani) / Persian / HAW (Hawrami / Gorani),CKB (Sorani),200,variation,General,,2026-02-12 15:16:22
https://kurdishradio.net,kurdishradio.net,Kurdish Radio - ڕادیۆی کوردی,CKB (Central Kurdish / Sorani),CKB (Sorani),200,variation,TV & Radio,,2026-02-12 15:06:08
https://kurdistan24.net/,kurdistan24.net,Kurdistan24 - کوردستان 24,CKB (Central Kurdish / Sorani),CKB (Sorani),200,known_media,News & Media,Kurdistan 24 news network,2026-02-12T14:52:50Z
https://kurdistanmedia.com,kurdistanmedia.com,ماڵپەڕی ناوەندیی حیزبی دێموکراتی کوردستانی ئێران,KMR (Northern Kurdish / Kurmanji) / CKB (Central Kurdish / Sorani),CKB (Sorani),200,discovered,General,,2026-02-12 14:58:42
https://kurdistannet.net,kurdistannet.net,کوردستان نێت,CKB (Central Kurdish / Sorani),CKB (Sorani),200,variation,General,,2026-02-12 15:16:25
https://kurdistannet.nl,kurdistannet.nl,کوردستان نێت,CKB (Central Kurdish / Sorani),CKB (Sorani),200,crawl,General,,2026-02-12 15:06:12
https://kurdistannet.org,kurdistannet.org,کوردستان نێت,CKB (Central Kurdish / Sorani),CKB (Sorani),200,discovered,General,,2026-02-12 14:58:43
https://kurdistantimes.org,kurdistantimes.org,کوردستان تایمز | کوردستان تایمز - Kurrdistan Times,CKB (Central Kurdish / Sorani),CKB (Sorani),200,variation,General,,2026-02-12 15:06:13
https://kurdistantv.net/,kurdistantv.net,ده‌زگای سه‌ته‌لایتی كوردستان,CKB (Central Kurdish / Sorani),CKB (Sorani),200,tv_channels,TV & Radio,Kurdistan TV,2026-02-12T14:53:02Z
https://kurdistanukurd.com,kurdistanukurd.com,کوردستان و کورد – ماڵپەڕی ناوەندیی حیزبی دێموکراتی کوردستان,CKB (Central Kurdish / Sorani),CKB (Sorani),200,discovered,General,,2026-02-12 14:58:43
https://kurdistanukurd.org,kurdistanukurd.org,کوردستان و کورد – ماڵپەڕی ناوەندیی حیزبی دێموکراتی کوردستان,CKB (Central Kurdish / Sorani),CKB (Sorani),200,crawl,General,,2026-02-12 15:06:13
https://kurdit.net,kurdit.net,,CKB (Central Kurdish / Sorani),CKB (Sorani),200,crawl,General,SSL warning,2026-02-12 15:06:14
https://kurditgroup.org/,kurditgroup.org,Kurditgroup,CKB (Central Kurdish / Sorani) / English,CKB (Sorani),200,cultural,Culture & Reference,Kurdit Group,2026-02-12T14:53:18Z
https://kurditv.com/,kurditv.com,kurdi TV ZINDÎ پەخشی ڕاستەوخۆ,KMR (Northern Kurdish / Kurmanji) / English / CKB (Central Kurdish / Sorani),CKB (Sorani),200,tv_channels,TV & Radio,Kurdi TV,2026-02-12T14:53:05Z
https://kurdmedia.net,kurdmedia.net,kurdmedia - kurdmedia,CKB (Central Kurdish / Sorani),CKB (Sorani),200,discovered,General,,2026-02-12 14:58:43
https://kurdpa.net/,kurdpa.net,ئاژانسی هەواڵدەریی کوردستان، کوردپا,CKB (Central Kurdish / Sorani),CKB (Sorani),200,known_media,News & Media,Kurdpa news agency,2026-02-12T14:52:51Z
https://kurdpress.net,kurdpress.net,kurdpress - kurdpress,CKB (Central Kurdish / Sorani),CKB (Sorani),200,discovered,General,,2026-02-12 14:58:44
https://kurdshopping.com/,kurdshopping.com,Trusted Platform to Buy & Sell Cars in Iraq | Kurd Shopping,CKB (Central Kurdish / Sorani) / English,CKB (Sorani),200,ecommerce,E-Commerce,Kurd Shopping,2026-02-12T14:53:22Z
https://kurdsoft.net,kurdsoft.net,Kurdsoft,English / CKB (Central Kurdish / Sorani),CKB (Sorani),200,crawl,General,,2026-02-12 15:16:28
https://kurdtimes.net,kurdtimes.net,kurdtimes - Kurdtimes,CKB (Central Kurdish / Sorani),CKB (Sorani),200,variation,General,,2026-02-12 15:16:28
https://kurdtvs.net/,kurdtvs.net,Kurdtvs.net - Live Kurdish TV Zindi پەخشی ڕاستەوخۆ - Watch Live Kurdish TV Channels Online,CKB (Central Kurdish / Sorani) / English / KMR (Northern Kurdish / Kurmanji),CKB (Sorani),200,tv_channels,TV & Radio,Kurd TVs directory,2026-02-12T14:53:05Z
https://kurdwomen.org,kurdwomen.org,یەکیەتیی ژنانی دێموکراتی کوردستان – ئازادی بۆ ژن، بەختیاری بۆ کۆمەڵ.,CKB (Central Kurdish / Sorani),CKB (Sorani),200,crawl,General,,2026-02-12 15:06:18
https://lalish.krd,lalish.krd,LALISH,English / CKB (Central Kurdish / Sorani),CKB (Sorani),200,variation,Religious,,2026-02-12 15:16:29
https://lfu.edu.krd/,lfu.edu.krd,home - LFU,CKB (Central Kurdish / Sorani),CKB (Sorani),200,universities,Education,Lebanese French University,2026-02-12T14:53:15Z
https://main.soran.edu.iq/,main.soran.edu.iq,Soran University,English / CKB (Central Kurdish / Sorani) / KMR (Northern Kurdish / Kurmanji),CKB (Sorani),200,universities,Education,Soran University,2026-02-12T14:53:15Z
https://mybestshopping.net/,mybestshopping.net,"Best Shopping in Kurdistan Region, Kirkuk and Mosul",CKB (Central Kurdish / Sorani),CKB (Sorani),200,ecommerce,E-Commerce,My Best Shopping,2026-02-12T14:53:22Z
https://nrttv.com/,nrttv.com,NRTTV ئێن ئاڕ تی,CKB (Central Kurdish / Sorani),CKB (Sorani),200,known_media,News & Media,NRT TV news,2026-02-12T14:52:50Z
https://peyam.net,peyam.net,Payam TV : کەناڵی ئاسمانی پەیام,CKB (Central Kurdish / Sorani),CKB (Sorani),200,discovered,General,,2026-02-12 14:58:50
https://presidency.gov.krd,presidency.gov.krd,سەرەکی - سەرۆکایەتی هەرێمی کوردستان,CKB (Central Kurdish / Sorani),CKB (Sorani),200,crawl,Government,,2026-02-12 15:06:31
https://president.gov.krd,president.gov.krd,سەرەکی - سەرۆکایەتی هەرێمی کوردستان,CKB (Central Kurdish / Sorani),CKB (Sorani),200,discovered,General,,2026-02-12 14:58:50
https://pukmedia.com/,pukmedia.com,PUKmedia   یەکێتیی نیشتمانیی کوردستان,CKB (Central Kurdish / Sorani),CKB (Sorani),200,known_media,News & Media,PUK-affiliated media,2026-02-12T14:52:50Z
https://pukmedia.net,pukmedia.net,PUKMEDIA |  بڵاوکراوه‌ی یه‌کێتی کورد,CKB (Central Kurdish / Sorani),CKB (Sorani),200,variation,News & Media,,2026-02-12 15:16:42
https://regaykurdistan.com,regaykurdistan.com,Home,CKB (Central Kurdish / Sorani) / Arabic,CKB (Sorani),200,discovered,General,,2026-02-12 14:58:50
https://rojhelat.media,rojhelat.media,تێلویزیۆنی ڕۆژهەلات,CKB (Central Kurdish / Sorani),CKB (Sorani),200,discovered,General,,2026-02-12 14:58:51
https://rojhelatnews.net,rojhelatnews.net,Rojehlatnews - Rojehlatnews.net,CKB (Central Kurdish / Sorani),CKB (Sorani),200,crawl,News & Media,,2026-02-12 15:06:34
https://rojnews.news/,rojnews.news,پەڕەی سەرەکی - کوردی - RojNews.News,CKB (Central Kurdish / Sorani),CKB (Sorani),200,known_media,News & Media,Roj News,2026-02-12T14:52:59Z
https://rudaw24.net,rudaw24.net,Rudaw24 | ڕووداو24 - Kurdish News Network,CKB (Central Kurdish / Sorani),CKB (Sorani),200,crawl,News & Media,,2026-02-12 15:06:38
https://runaki.gov.krd,runaki.gov.krd,پڕۆژەی ڕووناکی,CKB (Central Kurdish / Sorani) / KMR (Northern Kurdish / Kurmanji),CKB (Sorani),200,discovered,General,,2026-02-12 14:58:52
https://sardam.krd,sardam.krd,Homepage - پەیمانگەی سەردەمی ناحکومی بۆ زانستەکانی کۆمپیوتەر,CKB (Central Kurdish / Sorani),CKB (Sorani),200,discovered,General,,2026-02-12 14:58:53
https://sardam.org,sardam.org,سه‌رده‌م – ‎دەزگای چاپ و پەخشی سەردەم,CKB (Central Kurdish / Sorani),CKB (Sorani),200,discovered,General,,2026-02-12 14:58:53
https://services.gov.krd,services.gov.krd,بابەتەکان | خزمەت,KMR (Northern Kurdish / Kurmanji) / CKB (Central Kurdish / Sorani),CKB (Sorani),200,discovered,General,,2026-02-12 14:58:54
https://sharpress.net/,sharpress.net,SHARPRESS,CKB (Central Kurdish / Sorani),CKB (Sorani),200,known_media,News & Media,Sharpress news,2026-02-12T14:52:50Z
https://shayan.tiu.edu.iq,shayan.tiu.edu.iq,Handmade Home - Shayan,English / CKB (Central Kurdish / Sorani),CKB (Sorani),200,crawl,Education,,2026-02-12 15:06:40
https://slemanipress.net,slemanipress.net,home - Slemani press,CKB (Central Kurdish / Sorani),CKB (Sorani),200,variation,News & Media,,2026-02-12 15:06:42
https://sorani.anf-news.com,sorani.anf-news.com,"ANF |
        Articles",CKB (Central Kurdish / Sorani),CKB (Sorani),200,discovered,General,,2026-02-12 14:58:54
https://speemedia.com/,speemedia.com,سپی میدیا,CKB (Central Kurdish / Sorani),CKB (Sorani),200,known_media,News & Media,Spee Media,2026-02-12T14:53:00Z
https://sulicihan.edu.krd,sulicihan.edu.krd,Cihan University of Sulaimaniya,English / CKB (Central Kurdish / Sorani),CKB (Sorani),200,crawl,Education,,2026-02-12 15:16:57
https://vac.health.digital.gov.krd,vac.health.digital.gov.krd,Vaccine pre-registration,English / CKB (Central Kurdish / Sorani),CKB (Sorani),200,discovered,General,,2026-02-12 14:58:59
https://xelk.org/,xelk.org,Home - تۆڕی میدیایی خەڵک,CKB (Central Kurdish / Sorani),CKB (Sorani),200,known_media,News & Media,Xelk media,2026-02-12T14:53:00Z
https://zagros.org,zagros.org,پێگه‌ی زاگرۆس,CKB (Central Kurdish / Sorani),CKB (Sorani),200,variation,General,,2026-02-12 15:17:06
https://zagrosn.com,zagrosn.com,Home - zagros news agency,CKB (Central Kurdish / Sorani),CKB (Sorani),200,crawl,General,,2026-02-12 15:06:50
https://zagrospost.com,zagrospost.com,زاگرۆس پۆست,CKB (Central Kurdish / Sorani),CKB (Sorani),200,variation,General,,2026-02-12 15:17:08
https://zkurd.org,zkurd.org,ZKurd زانستپەروەرانی کورد - بە زانست بەهێزین,CKB (Central Kurdish / Sorani),CKB (Sorani),200,crawl,General,,2026-02-12 15:17:10
https://gorani.me,gorani.me,Welcome to nginx!,HAW (Hawrami / Gorani),HAW (Hawrami/Gorani),200,discovered,General,,2026-02-12 14:58:27
https://gorani.org,gorani.org,Gorani Ensemble,HAW (Hawrami / Gorani),HAW (Hawrami/Gorani),200,discovered,General,,2026-02-12 14:58:34
https://hawrami.net,hawrami.net,Coming Soon,HAW (Hawrami / Gorani),HAW (Hawrami/Gorani),200,discovered,General,,2026-02-12 14:58:35
https://library.uoh.edu.iq,library.uoh.edu.iq,University of Halabja | E-Library,HAW (Hawrami / Gorani),HAW (Hawrami/Gorani),200,crawl,Education,,2026-02-12 15:16:30
https://tqa.uoh.edu.iq,tqa.uoh.edu.iq,UOH,HAW (Hawrami / Gorani),HAW (Hawrami/Gorani),200,crawl,Education,,2026-02-12 15:17:01
https://100berhemenkurdi.com/,100berhemenkurdi.com,100berhemenkurdi.com – 100 Berhemên Kurdî,KMR (Northern Kurdish / Kurmanji) / English,KMR (Kurmanji),200,cultural,Culture & Reference,100 Kurdish works,2026-02-12T14:53:19Z
https://8day.krd,8day.krd,8Day - Trang 8day.com Chính Thức 2026 - Cá Cược Thể Thao #1,KMR (Northern Kurdish / Kurmanji),KMR (Kurmanji),200,common_crawl,General,SSL warning,2026-02-12 15:05:29
https://anfenglish.com/,anfenglish.com,"ANF |
        Articles",KMR (Northern Kurdish / Kurmanji) / English,KMR (Kurmanji),200,known_media,News & Media,ANF English edition,2026-02-12T14:52:50Z
https://avestakurd.net,avestakurd.net,www.avestakurd.net | Hûn li cihê bûyerê ne,KMR (Northern Kurdish / Kurmanji),KMR (Kurmanji),200,discovered,General,,2026-02-12 14:58:27
https://bnk.institutkurde.org,bnk.institutkurde.org,La bibliothèque numérique kurde (BNK) - Institut kurde de Paris,KMR (Northern Kurdish / Kurmanji) / English,KMR (Kurmanji),200,crawl,General,,2026-02-12 15:05:41
https://borgenproject.org/womens-empowerment-in-kurdistan,borgenproject.org,Women's Empowerment in Kurdistan - The Borgen Project,English / KMR (Northern Kurdish / Kurmanji),KMR (Kurmanji),200,ngo,NGO & Human Rights,Borgen Project Kurdistan women,2026-02-12T14:53:27Z
https://c4kurd.com/,c4kurd.com,C4kurd,English / KMR (Northern Kurdish / Kurmanji),KMR (Kurmanji),200,cultural,Culture & Reference,C4Kurd,2026-02-12T14:53:20Z
https://cihanuniversity.edu.iq/,cihanuniversity.edu.iq,Cihan University-Erbil,English / KMR (Northern Kurdish / Kurmanji),KMR (Kurmanji),200,universities,Education,Cihan University Erbil,2026-02-12T14:53:14Z
https://civaka-azad.org/,civaka-azad.org,Civaka Azad - Kurdisches Zentrum für Öffentlichkeitsarbeit,KMR (Northern Kurdish / Kurmanji),KMR (Kurmanji),200,diaspora,Diaspora,Civaka Azad Kurdish centre,2026-02-12T14:53:25Z
https://cmcph.net/,cmcph.net,CMC,KMR (Northern Kurdish / Kurmanji) / English,KMR (Kurmanji),200,health,Health,CMC Private Hospital,2026-02-12T14:53:29Z
https://dckurd.org/,dckurd.org,Washington Kurdish Institute Est. 1996,English / KMR (Northern Kurdish / Kurmanji),KMR (Kurmanji),200,diaspora,Diaspora,DC Kurd,2026-02-12T14:53:27Z
https://deng.com,deng.com,灯网（deng.com）一家专业卖灯的网站,KMR (Northern Kurdish / Kurmanji),KMR (Kurmanji),200,variation,General,,2026-02-12 15:05:41
https://dicletv.com,dicletv.com,"Dicle TV - Son Dakika Diyarbakır Haberleri, Mezopotamya Gündemi",Turkish / KMR (Northern Kurdish / Kurmanji),KMR (Kurmanji),200,variation,TV & Radio,,2026-02-12 15:15:55
https://efrin.net/,efrin.net,Trang chủ - làm đẹp,KMR (Northern Kurdish / Kurmanji) / English,KMR (Kurmanji),200,diaspora,Diaspora,Efrin community,2026-02-12T14:53:25Z
https://ekurd.net/,ekurd.net,Insight International - The Insight International,English / KMR (Northern Kurdish / Kurmanji),KMR (Kurmanji),200,known_media,News & Media,eKurd.net daily news,2026-02-12T14:52:50Z
https://github.com/sinaahmadi/awesome-kurdish,github.com,GitHub - sinaahmadi/awesome-kurdish: A curated list of awesome resources and tools for Kurdish language and speech technologies,English / KMR (Northern Kurdish / Kurmanji) / HAW (Hawrami / Gorani),KMR (Kurmanji),200,tech,Technology,Awesome Kurdish GitHub repo,2026-02-12T14:53:29Z
https://gulanfood.com,gulanfood.com,è°·å°é£å,English / KMR (Northern Kurdish / Kurmanji),KMR (Kurmanji),200,variation,Food & Lifestyle,,2026-02-12 15:16:04
https://institutkurde.org/,institutkurde.org,Fondation Institut kurde de Paris,KMR (Northern Kurdish / Kurmanji),KMR (Kurmanji),200,cultural,Culture & Reference,Institut Kurde de Paris,2026-02-12T14:53:15Z
https://jinfilm.com,jinfilm.com,AG真人国际·(中国区)官方网站-旗舰厅入口,KMR (Northern Kurdish / Kurmanji),KMR (Kurmanji),200,variation,Culture & Arts,SSL warning,2026-02-12 15:16:14
https://jinmarket.com,jinmarket.com,진마켓,English / Turkish / KMR (Northern Kurdish / Kurmanji),KMR (Kurmanji),200,variation,E-Commerce,,2026-02-12 15:16:14
https://jinnet.com,jinnet.com,金网JinNet-外汇黄金新闻|实时行情与交易知识学习平台,KMR (Northern Kurdish / Kurmanji),KMR (Kurmanji),200,variation,General,,2026-02-12 15:05:59
https://jinnews.net,jinnews.net,JINNEWS,Turkish / KMR (Northern Kurdish / Kurmanji),KMR (Kurmanji),200,discovered,General,,2026-02-12 14:58:35
https://jintravel.com,jintravel.com,,KMR (Northern Kurdish / Kurmanji),KMR (Kurmanji),200,variation,Tourism,SSL warning,2026-02-12 15:16:15
https://jiyan.info,jiyan.info,Hosted By One.com | Webhosting made simple,Turkish / KMR (Northern Kurdish / Kurmanji),KMR (Kurmanji),200,variation,General,,2026-02-12 15:06:01
https://jiyanblog.com,jiyanblog.com,基岩博客是一个专注于知识分享、生活感悟与文化探索的综合平台,KMR (Northern Kurdish / Kurmanji),KMR (Kurmanji),200,variation,Blogs & Forums,,2026-02-12 15:06:01
https://khrp.org/,khrp.org,KHRP | Kurdish Human Rights Project,English / KMR (Northern Kurdish / Kurmanji),KMR (Kurmanji),200,cultural,Culture & Reference,Kurdish Human Rights Project,2026-02-12T14:53:19Z
https://komalahub.com,komalahub.com,Komala Hub – Le Marketing au coeur de votre activité,English / Turkish / KMR (Northern Kurdish / Kurmanji),KMR (Kurmanji),200,variation,Political,SSL warning,2026-02-12 15:16:17
https://koord.com/,koord.com,KOORD.com - Link to Kurdish websites,KMR (Northern Kurdish / Kurmanji),KMR (Kurmanji),200,cultural,Culture & Reference,Koord.com,2026-02-12T14:53:20Z
https://ku.wikipedia.org/,ku.wikipedia.org,Wîkîpediya,KMR (Northern Kurdish / Kurmanji),KMR (Kurmanji),200,cultural,Culture & Reference,Wikipedia Kurmanji Kurdish,2026-02-12T14:53:16Z
https://ku.wiktionary.org/,ku.wiktionary.org,Wîkîferheng,KMR (Northern Kurdish / Kurmanji),KMR (Kurmanji),200,cultural,Culture & Reference,Wiktionary Kurmanji Kurdish,2026-02-12T14:53:16Z
https://kurd1.com,kurd1.com,Kurd1 TV - Televîzyona kurdî ya serbixwe,KMR (Northern Kurdish / Kurmanji),KMR (Kurmanji),200,discovered,General,,2026-02-12 14:58:36
https://kurdi.info,kurdi.info,Kurdi.info - Kurdish Language Learning  - فێر بوونی زمانی كوردی,KMR (Northern Kurdish / Kurmanji),KMR (Kurmanji),200,discovered,General,,2026-02-12 14:58:37
https://kurdi.tv,kurdi.tv,Kurdi TV – Kurdî TV Zindî,KMR (Northern Kurdish / Kurmanji) / English / Turkish,KMR (Kurmanji),200,discovered,General,,2026-02-12 14:58:38
https://kurdihub.net,kurdihub.net,kurdihub.net,English / KMR (Northern Kurdish / Kurmanji),KMR (Kurmanji),200,variation,General,SSL warning,2026-02-12 15:16:23
https://kurdilit.net/,kurdilit.net,KurdîLit | KurdîLit,KMR (Northern Kurdish / Kurmanji),KMR (Kurmanji),200,cultural,Culture & Reference,Kurdish literature,2026-02-12T14:53:20Z
https://kurdish.io,kurdish.io,"KU Studio - Share Code, Inspire Developers",KMR (Northern Kurdish / Kurmanji),KMR (Kurmanji),200,discovered,General,,2026-02-12 14:58:41
https://kurdishacademy.org/,kurdishacademy.org,Kurdish Academy of Language | enables the Kurdish language in new horizons,English / KMR (Northern Kurdish / Kurmanji),KMR (Kurmanji),200,cultural,Culture & Reference,Kurdish Academy of Language,2026-02-12T14:53:15Z
https://kurdishlessons.com/,kurdishlessons.com,Online Kurdish Kurmanji Courses - Kurdish Kurmanji Lessons,KMR (Northern Kurdish / Kurmanji) / English,KMR (Kurmanji),200,cultural,Culture & Reference,Kurdish Lessons,2026-02-12T14:53:20Z
https://kurdishpeople.org/,kurdishpeople.org,KurdishPeople.Org - Who are the Kurds?,English / KMR (Northern Kurdish / Kurmanji),KMR (Kurmanji),200,cultural,Culture & Reference,Kurdish People,2026-02-12T14:53:20Z
https://kurdishshop.com,kurdishshop.com,Kurdische Kleidung – KurdishShop.com,KMR (Northern Kurdish / Kurmanji),KMR (Kurmanji),200,variation,E-Commerce,,2026-02-12 15:16:24
https://kurdistan-report.de/,kurdistan-report.de,Startseite - Kurdistan Report,KMR (Northern Kurdish / Kurmanji),KMR (Kurmanji),200,diaspora,Diaspora,Kurdistan Report Germany,2026-02-12T14:53:23Z
https://kurdistan-store.com/,kurdistan-store.com,"Kurdistan Store - Kurdish Gifts and Goods for Kurds Internationally
 – Kurdistan Shop",English / KMR (Northern Kurdish / Kurmanji),KMR (Kurmanji),200,ecommerce,E-Commerce,Kurdistan Store,2026-02-12T14:53:22Z
https://kurdistanblogcount.wordpress.com/,kurdistanblogcount.wordpress.com,Kurdistan Blog Count | A Blog Counting the Blogs of Kurdistan,English / KMR (Northern Kurdish / Kurmanji),KMR (Kurmanji),200,blogs,Blogs & Forums,Kurdistan Blog Count,2026-02-12T14:53:32Z
https://kurdistanchronicle.com/,kurdistanchronicle.com,,KMR (Northern Kurdish / Kurmanji) / English,KMR (Kurmanji),200,known_media,News & Media,Kurdistan Chronicle,2026-02-12T14:52:51Z
https://kurdistanclinic.com/,kurdistanclinic.com,Kurdistan Medical Clinic,English / KMR (Northern Kurdish / Kurmanji),KMR (Kurmanji),200,health,Health,Kurdistan Clinic,2026-02-12T14:53:28Z
https://kurdistanmemory.com/,kurdistanmemory.com,,KMR (Northern Kurdish / Kurmanji) / English,KMR (Kurmanji),200,cultural,Culture & Reference,Kurdistan Memory Programme,2026-02-12T14:53:18Z
https://kurdistantribune.com/,kurdistantribune.com,An independent platform for Kurdish news and opinion. | The Kurdistan Tribune,English / KMR (Northern Kurdish / Kurmanji),KMR (Kurmanji),200,known_media,News & Media,Kurdistan Tribune,2026-02-12T14:52:50Z
https://kurds.io,kurds.io,KURDS — Dijîtal Anît,KMR (Northern Kurdish / Kurmanji),KMR (Kurmanji),200,variation,General,,2026-02-12 15:16:28
https://kurdstore.info,kurdstore.info,Human verification,Turkish / English / KMR (Northern Kurdish / Kurmanji),KMR (Kurmanji),200,discovered,General,SSL warning,2026-02-12 14:58:45
https://manaramagazine.org/,manaramagazine.org,Middle East Foreign Policy & Analysis | Manara Magazine,English / KMR (Northern Kurdish / Kurmanji),KMR (Kurmanji),200,known_media,News & Media,Manara Magazine,2026-02-12T14:52:51Z
https://maryamanahospital.com/,maryamanahospital.com,Maryamana Hospital – World-class private hospital in Erbil,English / KMR (Northern Kurdish / Kurmanji),KMR (Kurmanji),200,health,Health,Maryamana Hospital,2026-02-12T14:53:28Z
https://moodle.hmu.edu.krd,moodle.hmu.edu.krd,چوونەژوورەوە بۆ ناو ماڵپەڕ | HMU,KMR (Northern Kurdish / Kurmanji),KMR (Kurmanji),200,variation,Education,,2026-02-12 15:16:33
https://moodle.uoh.edu.iq,moodle.uoh.edu.iq,سه‌ره‌تا | UOH_LMS,KMR (Northern Kurdish / Kurmanji),KMR (Kurmanji),200,crawl,Education,,2026-02-12 15:16:34
https://newroz.com/,newroz.com,Home | Newroz.com,KMR (Northern Kurdish / Kurmanji),KMR (Kurmanji),200,blogs,Blogs & Forums,Newroz community,2026-02-12T14:53:30Z
https://nmra.uoh.edu.iq,nmra.uoh.edu.iq,Student Profile,HAW (Hawrami / Gorani) / KMR (Northern Kurdish / Kurmanji),KMR (Kurmanji),200,crawl,Education,,2026-02-12 15:16:37
https://nuceciwan.com,nuceciwan.com,"Nûçe Ciwan – Bi dînamîzma ciwantî, li ser şopa heqîqetê",Turkish / KMR (Northern Kurdish / Kurmanji),KMR (Kurmanji),200,discovered,General,,2026-02-12 14:58:48
https://nucetv.net,nucetv.net,Malper - Nuce TV,KMR (Northern Kurdish / Kurmanji) / English,KMR (Kurmanji),200,variation,News & Media,,2026-02-12 15:06:30
https://p4ckurd.net,p4ckurd.net,www.p4ckurd.net,KMR (Northern Kurdish / Kurmanji) / Turkish,KMR (Kurmanji),200,discovered,General,,2026-02-12 14:58:49
https://puk.org/,puk.org,PUK,English / KMR (Northern Kurdish / Kurmanji),KMR (Kurmanji),200,political_parties,Political,Patriotic Union of Kurdistan,2026-02-12T14:53:09Z
https://rojava.video,rojava.video,Rojava Tube,KMR (Northern Kurdish / Kurmanji),KMR (Kurmanji),200,crawl,General,,2026-02-12 15:16:43
https://rojavatv.net,rojavatv.net,Malper - Rojava Tv,KMR (Northern Kurdish / Kurmanji),KMR (Kurmanji),200,variation,TV & Radio,,2026-02-12 15:06:33
https://rojevakurd.com,rojevakurd.com,Rojevakurd - Rojevakurd,English / KMR (Northern Kurdish / Kurmanji),KMR (Kurmanji),200,discovered,General,,2026-02-12 14:58:51
https://rojhelat.news,rojhelat.news,Rojhelat: Vertretung des iranischen Kurdistans in Deutschland,KMR (Northern Kurdish / Kurmanji),KMR (Kurmanji),200,discovered,General,,2026-02-12 14:58:52
https://sardam.online,sardam.online,Login |,KMR (Northern Kurdish / Kurmanji),KMR (Kurmanji),200,variation,General,,2026-02-12 15:16:44
https://serhildan.online,serhildan.online,Nexşeya Çalakiyan - Action Map,KMR (Northern Kurdish / Kurmanji),KMR (Kurmanji),200,variation,General,,2026-02-12 15:16:46
https://siirtpress.com,siirtpress.com,Siirt Press,Turkish / KMR (Northern Kurdish / Kurmanji),KMR (Kurmanji),200,variation,News & Media,,2026-02-12 15:16:53
https://sterk.tv/,sterk.tv,Stêrk TV – Li Ser Şopa Heqîqetê,KMR (Northern Kurdish / Kurmanji),KMR (Kurmanji),200,known_media,News & Media,Sterk TV,2026-02-12T14:53:00Z
https://theinsightinternational.com/,theinsightinternational.com,Insight International - The Insight International,English / KMR (Northern Kurdish / Kurmanji),KMR (Kurmanji),200,known_media,News & Media,The Insight International,2026-02-12T14:52:51Z
https://ukh.edu.krd/,ukh.edu.krd,"University of Kurdistan Hewlêr – To register for the conference, please click on the buttons below",English / KMR (Northern Kurdish / Kurmanji),KMR (Kurmanji),200,universities,Education,University of Kurdistan Hewler,2026-02-12T14:53:15Z
https://uod.ac/,uod.ac,University of Duhok (UoD),English / KMR (Northern Kurdish / Kurmanji),KMR (Kurmanji),200,universities,Education,University of Duhok,2026-02-12T14:53:14Z
https://visitkurdistan.krd/,visitkurdistan.krd,Visit Kurdistan,English / KMR (Northern Kurdish / Kurmanji),KMR (Kurmanji),200,government,Government,Kurdistan tourism board,2026-02-12T14:53:08Z
https://welattv.com,welattv.com,Destpêk | Welat TV,KMR (Northern Kurdish / Kurmanji),KMR (Kurmanji),200,variation,TV & Radio,,2026-02-12 15:06:48
https://welattv.net,welattv.net,Destpêk | Welat TV,KMR (Northern Kurdish / Kurmanji),KMR (Kurmanji),200,variation,TV & Radio,,2026-02-12 15:06:49
https://xebat.org,xebat.org,XEBAT – XEBAT JI BO SERXWEBÛNA KURDISTANÊ,Turkish / KMR (Northern Kurdish / Kurmanji),KMR (Kurmanji),200,discovered,General,,2026-02-12 14:58:59
https://zanist.krd,zanist.krd,Zanist - Coming Soon,KMR (Northern Kurdish / Kurmanji),KMR (Kurmanji),200,discovered,General,,2026-02-12 14:58:59
https://zivmagazine.com/,zivmagazine.com,zîv - Kurdish Mosaic,KMR (Northern Kurdish / Kurmanji) / English,KMR (Kurmanji),200,cultural,Culture & Reference,Ziv Magazine,2026-02-12T14:53:18Z
https://78win.krd,78win.krd,78WIN ⭐️ 78WIN.COM - Link Vào Chuẩn Nhà Cái +77K T/2 2026,Unknown,Other,200,common_crawl,General,,2026-02-12 15:05:29
https://aburi.me,aburi.me,,Unknown,Other,200,variation,General,,2026-02-12 15:05:29
https://aburi.net,aburi.net,Aburi IT Consulting Firm,English,Other,200,variation,General,,2026-02-12 15:05:29
https://aburi.news,aburi.news,,Unknown,Other,200,variation,News & Media,,2026-02-12 15:05:29
https://aburimarket.com,aburimarket.com,Aburi Market,English,Other,200,variation,E-Commerce,SSL warning,2026-02-12 15:15:21
https://aburipress.com,aburipress.com,,Unknown,Other,200,variation,News & Media,,2026-02-12 15:05:29
https://academics.tiu.edu.iq,academics.tiu.edu.iq,Academic Staff | Academic Staff,English,Other,200,crawl,Education,,2026-02-12 15:05:29
https://academicstaff.epu.edu.iq,academicstaff.epu.edu.iq,EPU Academic Staff,Unknown,Other,200,crawl,Education,,2026-02-12 15:05:29
https://afrin.org,afrin.org,,Unknown,Other,200,discovered,General,,2026-02-12 14:58:27
https://ahlat.com,ahlat.com,Redirecting...,English,Other,200,variation,General,,2026-02-12 15:15:21
https://ais.edu.krd,ais.edu.krd,Epik,Unknown,Other,200,common_crawl,Education,,2026-02-12 15:05:29
https://akakurdistan.com,akakurdistan.com,aka KURDISTAN | INTRODUCTION,English,Other,200,discovered,General,,2026-02-12 14:58:27
https://akre.com,akre.com,AKRE.com - Full-Page Real Estate Ads: FREE Listings! Buy and Sell Property and Homes.,English,Other,200,variation,General,,2026-02-12 15:05:29
https://akre.net,akre.net,,Unknown,Other,200,variation,General,,2026-02-12 15:05:29
https://alumni.cihanuniversity.edu.iq,alumni.cihanuniversity.edu.iq,HomePage - Cihan University-Erbil Alumni Association,English,Other,200,crawl,Education,,2026-02-12 15:15:21
https://alumni.hmu.edu.krd,alumni.hmu.edu.krd,,Unknown,Other,200,discovered,General,,2026-02-12 14:58:27
https://alumni.lfu.edu.krd,alumni.lfu.edu.krd,Alumni  | Home,English,Other,200,discovered,General,,2026-02-12 14:58:27
https://alumni.tiu.edu.iq,alumni.tiu.edu.iq,Home - Blogs,English,Other,200,crawl,Education,,2026-02-12 15:15:21
https://amed.io,amed.io,Redirecting...,English,Other,200,discovered,General,,2026-02-12 14:58:27
https://amed.me,amed.me,amed.me — KRUT PTY LTD,English,Other,200,discovered,General,,2026-02-12 14:58:27
https://amed.net,amed.net,é¿åºç±³å¾·å»ç,English,Other,200,discovered,General,,2026-02-12 14:58:27
https://amed.org,amed.org,,Unknown,Other,200,discovered,General,,2026-02-12 14:58:27
https://amedi.org,amedi.org,AMEDI – African Music Ecosystem Development Initiative (AMEDI),English,Other,200,variation,General,,2026-02-12 15:15:21
https://amednews.com,amednews.com,American Medical News - Home - amednews.com,English,Other,200,variation,News & Media,,2026-02-12 15:05:29
https://amedpost.com,amedpost.com,News - amed post,English,Other,200,variation,General,,2026-02-12 15:05:30
https://amedtoday.com,amedtoday.com,AmedToday.com is for sale | HugeDomains,English,Other,200,variation,General,,2026-02-12 15:05:30
https://amedtoday.org,amedtoday.org,Redirecting...,English,Other,200,variation,General,,2026-02-12 15:05:30
https://amedtv.com,amedtv.com,Amed TV | Son Dakika Diyarbakır Haberleri,Turkish,Other,200,variation,TV & Radio,,2026-02-12 15:05:30
https://amuda.com,amuda.com,Amuda | Blog personal de Amuda Goueli,Arabic / Turkish,Other,200,variation,General,,2026-02-12 15:05:30
https://applied-science.tiu.edu.iq,applied-science.tiu.edu.iq,Home - Faculty of Applied Science - Tishk International University,English,Other,200,crawl,Education,,2026-02-12 15:05:30
https://apply.lfu.edu.krd,apply.lfu.edu.krd,Sign in | LFU Apply,English,Other,200,discovered,General,,2026-02-12 14:58:27
https://aqra.net,aqra.net,aqra.net - This website is for sale! - aqra Resources and Information.,English,Other,200,variation,General,,2026-02-12 15:15:21
https://aqra.org,aqra.org,,Unknown,Other,200,variation,General,SSL warning,2026-02-12 15:15:21
https://aramnews.com/,aramnews.com,AramNews.com is for sale | HugeDomains,English,Other,200,known_media,News & Media,Aram News,2026-02-12T14:53:00Z
https://arbela.store/,arbela.store,Home page - Arbela,English,Other,200,ecommerce,E-Commerce,Arbela Store,2026-02-12T14:53:22Z
https://arbil.net,arbil.net,,Unknown,Other,200,variation,General,,2026-02-12 15:15:21
https://arenda.krd,arenda.krd,Прокат одежды для фотосессии и мероприятия в Краснодаре,English,Other,200,common_crawl,General,SSL warning,2026-02-12 15:05:30
https://ark.krd,ark.krd,ARK Company,English,Other,200,common_crawl,General,,2026-02-12 15:05:30
https://artfrosh.krd,artfrosh.krd,ArtFrosh,English,Other,200,common_crawl,General,SSL warning,2026-02-12 15:05:30
https://arts.soran.edu.iq,arts.soran.edu.iq,FACULTY OF ARTS,English / Turkish,Other,200,crawl,Education,,2026-02-12 15:05:30
https://ashti.org,ashti.org,"国产av大屁股白浆一区二区,蜜臀人妻av一区二区三区,国产剧情av在线精品网站,亚洲国产精品9799545码,亚洲不卡啪啪视频,在线观看中文字幕国产视频",Unknown,Other,200,variation,General,SSL warning,2026-02-12 15:15:21
https://ashti.xyz,ashti.xyz,Index of /,Unknown,Other,200,variation,General,SSL warning,2026-02-12 15:15:21
https://ashticenter.org,ashticenter.org,Ashti Center,Arabic,Other,200,variation,General,,2026-02-12 15:15:21
https://ashtidaily.com,ashtidaily.com,How to Build a Strong Financial Future in Australia | Ashti Daily,English,Other,200,variation,General,SSL warning,2026-02-12 15:15:21
https://auis.edu.krd/,auis.edu.krd,"American University of Iraq, Sulaimani",English,Other,200,universities,Education,American University of Iraq Sulaimani,2026-02-12T14:53:14Z
https://awene.com/,awene.com,You are being redirected...,Unknown,Other,307,known_media,News & Media,Awene newspaper,2026-02-12T14:52:50Z
https://awronore.krd,awronore.krd,awronore,Unknown,Other,200,crawl,General,SSL warning,2026-02-12 15:05:30
https://awrosoft.krd,awrosoft.krd,Awrosoft ICT Solutions,English,Other,200,discovered,General,,2026-02-12 14:58:27
https://azadi.io,azadi.io,,Unknown,Other,200,discovered,General,,2026-02-12 14:58:27
https://azadi.me,azadi.me,Homepage | Azadi Me,English,Other,200,discovered,General,,2026-02-12 14:58:27
https://azadi.news,azadi.news,,Unknown,Other,200,discovered,General,SSL warning,2026-02-12 14:58:27
https://azadicenter.com,azadicenter.com,,Unknown,Other,200,variation,General,,2026-02-12 15:15:21
https://azadicenter.org,azadicenter.org,,Unknown,Other,200,variation,General,,2026-02-12 15:15:21
https://azadinet.app,azadinet.app,باهمستان آزادی (رویکرد جدید),Persian,Other,200,crawl,Technology,,2026-02-12 15:15:21
https://azadinet.net,azadinet.net,باهمستان آزادی (رویکرد جدید),Persian,Other,200,variation,General,SSL warning,2026-02-12 15:05:30
https://azadinet.org,azadinet.org,AzadiNet Foundation,English / Turkish,Other,200,variation,General,SSL warning,2026-02-12 15:05:30
https://azadinews.com,azadinews.com,AzadiNews.com is for sale | HugeDomains,English,Other,200,variation,News & Media,SSL warning,2026-02-12 15:05:30
https://azadipost.com,azadipost.com,,Unknown,Other,200,variation,General,SSL warning,2026-02-12 15:05:30
https://azadipress.com,azadipress.com,AzadiPress.com - Media Domains for Sale - Buy Premium Entertainment & News Domain Names | Domain for Sale. Call 888-694-6735.,English,Other,200,variation,News & Media,,2026-02-12 15:05:30
https://azadiradio.com,azadiradio.com,رادیو آزادی,English,Other,200,variation,TV & Radio,,2026-02-12 15:15:21
https://azadiradio.net,azadiradio.net,رادیو آزادی,English,Other,200,variation,TV & Radio,,2026-02-12 15:05:30
https://azadiradio.org,azadiradio.org,رادیو آزادی,English,Other,200,variation,TV & Radio,,2026-02-12 15:15:21
https://azadishop.com,azadishop.com,,Unknown,Other,200,variation,E-Commerce,,2026-02-12 15:15:21
https://azaditimes.com,azaditimes.com,Independent News From Kashmir and Beyond - The Azadi Times,English,Other,200,variation,General,SSL warning,2026-02-12 15:05:30
https://azaditv.com,azaditv.com,,Unknown,Other,200,variation,TV & Radio,,2026-02-12 15:05:30
https://azadiweb.com,azadiweb.com,آخرین اخبار ایران اینترنشنال,Persian,Other,200,variation,General,SSL warning,2026-02-12 15:05:30
https://bahar.io,bahar.io,,Unknown,Other,200,variation,General,,2026-02-12 15:15:21
https://bahar.me,bahar.me,,Unknown,Other,200,variation,General,,2026-02-12 15:15:21
https://bahar.net,bahar.net,BAHAR.NET - For Sale,English,Other,200,variation,General,,2026-02-12 15:15:21
https://bahar.org,bahar.org,,Unknown,Other,200,variation,General,,2026-02-12 15:15:21
https://bahar.xyz,bahar.xyz,Bahar.xyz for sale | Spaceship.com,English,Other,200,variation,General,SSL warning,2026-02-12 15:15:21
https://baharfood.com,baharfood.com,BaharFood.com is for sale | HugeDomains,English,Other,200,variation,Food & Lifestyle,,2026-02-12 15:15:21
https://bahargroup.com,bahargroup.com,bahargroup.com - This website is for sale! - bahargroup bahar group Resources and Information.,English,Other,200,variation,General,SSL warning,2026-02-12 15:15:21
https://bahargroup.net,bahargroup.net,Diversified Operating Holding Company - Bahar Holding,English,Other,200,variation,General,,2026-02-12 15:15:21
https://baharhub.com,baharhub.com,baharhub.com - baharhub Resources and Information.,English,Other,200,variation,General,,2026-02-12 15:15:21
https://baharmarket.com,baharmarket.com,BaharMarket.com is for sale | HugeDomains,English,Other,200,variation,E-Commerce,,2026-02-12 15:15:21
https://baharmedia.com,baharmedia.com,,Unknown,Other,200,variation,News & Media,,2026-02-12 15:15:21
https://baharmusic.com,baharmusic.com,BaharMusic.com is for sale | HugeDomains,English,Other,200,variation,Culture & Arts,,2026-02-12 15:15:21
https://baharnet.com,baharnet.com,BaharNet.com is for sale | HugeDomains,English,Other,200,variation,General,SSL warning,2026-02-12 15:15:21
https://baharnews.com,baharnews.com,,Unknown,Other,200,variation,News & Media,,2026-02-12 15:15:21
https://baharstore.com,baharstore.com,BaharStore.com is for sale | HugeDomains,English,Other,200,variation,E-Commerce,,2026-02-12 15:15:21
https://bakur.com,bakur.com,Domain For Salex,English,Other,200,discovered,General,,2026-02-12 14:58:27
https://bakur.me,bakur.me,bakur.me,English,Other,200,variation,General,,2026-02-12 15:05:30
https://baneh.com,baneh.com,فروشگاه اینترنتی بانه خرید و قیمت,Persian,Other,200,variation,General,SSL warning,2026-02-12 15:15:21
https://baneh.net,baneh.net,فروشگاه اینترنتی بانه,Persian,Other,200,variation,General,,2026-02-12 15:05:30
https://banehonline.com,banehonline.com,Domain Default page,English,Other,200,variation,General,,2026-02-12 15:05:30
https://baran.com,baran.com,,Unknown,Other,200,variation,General,SSL warning,2026-02-12 15:15:21
https://baran.net,baran.net,baran.net for sale | Spaceship.com,English,Other,200,variation,General,SSL warning,2026-02-12 15:15:21
https://baran.xyz,baran.xyz,Baran.xyz for sale | Spaceship.com,English,Other,200,variation,General,SSL warning,2026-02-12 15:15:21
https://baranhub.com,baranhub.com,Home - BaranHub,English,Other,200,variation,General,SSL warning,2026-02-12 15:15:21
https://baranmarket.com,baranmarket.com,Baran Market,English,Other,200,variation,E-Commerce,,2026-02-12 15:15:21
https://baranmedia.com,baranmedia.com,باران مدیا  – طراحی سایت، فیلم و مستند، مولتی مدیا,Persian,Other,200,variation,News & Media,,2026-02-12 15:15:21
https://barannet.com,barannet.com,BaranNet.com is for sale | HugeDomains,English,Other,200,variation,General,,2026-02-12 15:15:21
https://barannet.net,barannet.net,Default page,English,Other,200,variation,General,,2026-02-12 15:15:21
https://baranshop.com,baranshop.com,BaranShop.com is for sale | HugeDomains,English,Other,200,variation,E-Commerce,SSL warning,2026-02-12 15:15:21
https://barantech.com,barantech.com,Barantech | Customized HMI Solutions,English,Other,200,variation,Technology,SSL warning,2026-02-12 15:15:30
https://barantv.com,barantv.com,BaranTv.com is for sale | HugeDomains,English,Other,200,variation,TV & Radio,,2026-02-12 15:15:30
https://barzan.com,barzan.com,,Unknown,Other,200,variation,General,SSL warning,2026-02-12 15:15:30
https://barzan.org,barzan.org,,Unknown,Other,200,variation,General,,2026-02-12 15:15:30
https://barzanonline.com,barzanonline.com,,Unknown,Other,200,variation,General,,2026-02-12 15:15:30
https://baskale.com,baskale.com,,Unknown,Other,200,variation,General,,2026-02-12 15:15:30
https://basnewsonline.com,basnewsonline.com,Collections,English,Other,200,variation,News & Media,,2026-02-12 15:15:30
https://batmanmedia.com,batmanmedia.com,Batman Media & Entertainment – For your media and entertainment needs,English,Other,200,variation,News & Media,,2026-02-12 15:05:30
https://batmantv.net,batmantv.net,Kadim Toprakların Modern Şehri Batman'ın Haber Sayfası | Batman TV,Turkish,Other,200,variation,TV & Radio,,2026-02-12 15:05:30
https://bazar.info,bazar.info,,Unknown,Other,200,variation,E-Commerce,,2026-02-12 15:15:31
https://bazar.io,bazar.io,,Unknown,Other,200,variation,E-Commerce,,2026-02-12 15:15:31
https://bazar.media,bazar.media,,Unknown,Other,200,variation,News & Media,,2026-02-12 15:15:31
https://bazar.net,bazar.net,,Unknown,Other,200,variation,E-Commerce,,2026-02-12 15:15:31
https://bazar.news,bazar.news,,Unknown,Other,200,variation,News & Media,,2026-02-12 15:15:31
https://bazar.online,bazar.online,Bazar.online – Sales online,English,Other,200,variation,E-Commerce,,2026-02-12 15:15:31
https://bazar.tv,bazar.tv,bazar.tv - This website is for sale! - Bazar Resources and Information.,English,Other,200,variation,TV & Radio,,2026-02-12 15:15:31
https://bazar.xyz,bazar.xyz,Bazar.xyz for sale | Spaceship.com,English,Other,200,variation,E-Commerce,,2026-02-12 15:15:31
https://bazarblog.com,bazarblog.com,,Unknown,Other,200,variation,E-Commerce,,2026-02-12 15:15:31
https://bazarcenter.com,bazarcenter.com,,Unknown,Other,200,variation,E-Commerce,,2026-02-12 15:15:31
https://bazarfood.com,bazarfood.com,BazarFood.com is for sale | HugeDomains,English,Other,200,variation,E-Commerce,,2026-02-12 15:15:32
https://bazarhealth.com,bazarhealth.com,"Delphi Healthcare - Primary Care, The Way It Should Be",English,Other,200,variation,Health,SSL warning,2026-02-12 15:15:32
https://bazarhub.com,bazarhub.com,BazarHub.com is for sale | HugeDomains,English,Other,200,variation,E-Commerce,,2026-02-12 15:15:33
https://bazarinfo.com,bazarinfo.com,BazarInfo.com is for sale | HugeDomains,English,Other,200,variation,E-Commerce,,2026-02-12 15:15:34
https://bazarmedia.org,bazarmedia.org,,Unknown,Other,200,variation,News & Media,,2026-02-12 15:15:36
https://bazarmusic.com,bazarmusic.com,BazarMusic.com is for sale | HugeDomains,English,Other,200,variation,E-Commerce,,2026-02-12 15:15:37
https://bazarnet.com,bazarnet.com,,Unknown,Other,200,variation,E-Commerce,,2026-02-12 15:15:37
https://bazarnet.org,bazarnet.org,,Unknown,Other,200,variation,E-Commerce,,2026-02-12 15:15:37
https://bazarnews.com,bazarnews.com,,Unknown,Other,200,variation,News & Media,,2026-02-12 15:15:38
https://bazarnow.com,bazarnow.com,BazarNow.com is for sale | HugeDomains,English,Other,200,variation,E-Commerce,,2026-02-12 15:15:38
https://bazaronline.com,bazaronline.com,"""Базар-онлайн"" - автоматизация торговли",Turkish,Other,200,variation,E-Commerce,,2026-02-12 15:15:38
https://bazaronline.net,bazaronline.net,,Unknown,Other,200,variation,E-Commerce,,2026-02-12 15:15:38
https://bazarpress.com,bazarpress.com,bazarpress.com - bazarpress Resources and Information.,English,Other,200,variation,News & Media,,2026-02-12 15:15:38
https://bazarshop.com,bazarshop.com,bazarshop.com,English,Other,200,variation,E-Commerce,,2026-02-12 15:15:38
https://bazarshop.org,bazarshop.org,,Unknown,Other,200,variation,E-Commerce,,2026-02-12 15:15:38
https://bazarsport.com,bazarsport.com,,Unknown,Other,200,variation,Sports,,2026-02-12 15:15:38
https://bazarstore.com,bazarstore.com,BazarStore.com for sale,English,Other,200,variation,E-Commerce,,2026-02-12 15:15:38
https://bazartech.com,bazartech.com,BazarTech.com is for sale | HugeDomains,English,Other,200,variation,E-Commerce,,2026-02-12 15:15:38
https://bazartimes.com,bazartimes.com,,Unknown,Other,200,variation,E-Commerce,,2026-02-12 15:15:39
https://bazarweb.com,bazarweb.com,BazarWeb.com is for sale | HugeDomains,English,Other,200,variation,E-Commerce,,2026-02-12 15:15:39
https://bijaronline.com,bijaronline.com,Redirecting...,English,Other,200,variation,General,,2026-02-12 15:05:30
https://binav.com/,binav.com,,Unknown,Other,200,blogs,Blogs & Forums,Binav,2026-02-12T14:53:29Z
https://bingol.com,bingol.com,,Unknown,Other,200,variation,NGO & Human Rights,,2026-02-12 15:05:30
https://bingol.net,bingol.net,bingol.net | Satılık Domain,English,Other,200,variation,NGO & Human Rights,SSL warning,2026-02-12 15:05:40
https://bisk.edu.krd,bisk.edu.krd,Home - British International Schools in Kurdistan,English,Other,200,common_crawl,Education,,2026-02-12 15:05:40
https://bitlis.com,bitlis.com,,Unknown,Other,200,variation,General,,2026-02-12 15:05:40
https://bitlis.net,bitlis.net,,Unknown,Other,200,variation,General,,2026-02-12 15:05:40
https://bologna.epu.edu.iq,bologna.epu.edu.iq,ECTS Database,English,Other,200,crawl,Education,,2026-02-12 15:05:41
https://bozova.com,bozova.com,,Unknown,Other,200,variation,General,,2026-02-12 15:15:39
https://bukan.com,bukan.com,Coming Soon 1,English,Other,200,variation,General,,2026-02-12 15:05:41
https://bukanmedia.com,bukanmedia.com,,Unknown,Other,200,variation,News & Media,,2026-02-12 15:05:41
https://bulanik.com,bulanik.com,Bulanik.com is for sale | HugeDomains,English,Other,200,variation,General,SSL warning,2026-02-12 15:15:39
https://business.digital.gov.krd,business.digital.gov.krd,سیستەمی تۆمارکردنی دامەزراوە بازرگانییەکان,English,Other,200,crawl,Government,,2026-02-12 15:15:39
https://business.tiu.edu.iq,business.tiu.edu.iq,Home | FACE,English,Other,200,crawl,Education,,2026-02-12 15:05:41
https://catak.info,catak.info,http://www.catak.info/,Turkish,Other,200,variation,General,,2026-02-12 15:15:40
https://catak.net,catak.net,Catak.net is for sale | HugeDomains,English,Other,200,variation,General,,2026-02-12 15:15:40
https://cec.tiu.edu.iq,cec.tiu.edu.iq,Home | CEC,English,Other,200,crawl,Education,,2026-02-12 15:05:41
https://cemisgezek.org,cemisgezek.org,,Unknown,Other,200,variation,General,,2026-02-12 15:15:40
https://central.cue.edu.krd,central.cue.edu.krd,CUE CENTRAL | Login,Unknown,Other,200,crawl,Education,,2026-02-12 15:15:40
https://chaknews.com/,chaknews.com,Eawin99 ทางเข้าเล่นสล็อตแตกง่าย พร้อมโบนัสพิเศษ,English,Other,200,known_media,News & Media,Chak News,2026-02-12T14:52:51Z
https://chaldean.info,chaldean.info,,Unknown,Other,200,discovered,General,,2026-02-12 14:58:27
https://chaldean.io,chaldean.io,Chaldean,English,Other,200,discovered,General,,2026-02-12 14:58:27
https://chaldean.net,chaldean.net,,Unknown,Other,200,discovered,General,,2026-02-12 14:58:27
https://chaldean.news,chaldean.news,,Unknown,Other,200,discovered,General,SSL warning,2026-02-12 14:58:27
https://chamchamal.com,chamchamal.com,ChamChamal.com is for sale | HugeDomains,English,Other,200,variation,General,,2026-02-12 15:05:41
https://chia.com,chia.com,Chia.com,English,Other,200,variation,General,,2026-02-12 15:15:40
https://chia.info,chia.info,,Unknown,Other,200,variation,General,,2026-02-12 15:15:40
https://chia.io,chia.io,6block-admin-fe - 6block-admin-fe,Unknown,Other,200,variation,General,,2026-02-12 15:15:41
https://chia.net,chia.net,Home - Chia Network,English,Other,200,variation,General,,2026-02-12 15:15:41
https://chia.xyz,chia.xyz,,Unknown,Other,200,variation,General,,2026-02-12 15:15:41
https://chiacenter.com,chiacenter.com,,Unknown,Other,200,variation,General,,2026-02-12 15:15:41
https://chiadaily.com,chiadaily.com,,Unknown,Other,200,variation,General,,2026-02-12 15:15:41
https://chiadev.com,chiadev.com,,Unknown,Other,200,variation,Technology,,2026-02-12 15:15:42
https://chiafilm.com,chiafilm.com,Number one resource for online gambling and land-based casinos- Chia Film,English,Other,200,variation,Culture & Arts,,2026-02-12 15:15:42
https://chiafood.com,chiafood.com,,Unknown,Other,200,variation,Food & Lifestyle,,2026-02-12 15:15:42
https://chiagroup.com,chiagroup.com,嘉彰股份有限公司,English,Other,200,variation,General,,2026-02-12 15:15:43
https://chiahub.com,chiahub.com,ChiaHub.com is for sale | HugeDomains,English,Other,200,variation,General,,2026-02-12 15:15:43
https://chiainfo.com,chiainfo.com,,Unknown,Other,200,variation,General,,2026-02-12 15:15:45
https://chiamag.com,chiamag.com,,Unknown,Other,200,variation,General,,2026-02-12 15:15:45
https://chiamarket.com,chiamarket.com,ChiaMarket.com is for sale | HugeDomains,English,Other,200,variation,E-Commerce,,2026-02-12 15:15:45
https://chiamusic.com,chiamusic.com,Chia Music - Martin Vejarano,English,Other,200,variation,Culture & Arts,,2026-02-12 15:15:46
https://chianet.com,chianet.com,,Unknown,Other,200,variation,General,SSL warning,2026-02-12 15:15:47
https://chianet.net,chianet.net,,Unknown,Other,200,variation,General,,2026-02-12 15:15:47
https://chianow.com,chianow.com,ChiaNow.com is for sale | HugeDomains,English,Other,200,variation,General,,2026-02-12 15:15:47
https://chiaonline.com,chiaonline.com,,Unknown,Other,200,variation,General,,2026-02-12 15:15:47
https://chiashop.com,chiashop.com,ChiaShop.com - Shopping Domains for Sale - Buy Premium Retail & E-commerce Domain Names | Domain for Sale. Call 888-694-6735.,English,Other,200,variation,E-Commerce,,2026-02-12 15:15:47
https://chiasport.com,chiasport.com,ChiaSport.com is for sale | HugeDomains,English,Other,200,variation,Sports,,2026-02-12 15:15:48
https://chiastore.com,chiastore.com,,Unknown,Other,200,variation,E-Commerce,,2026-02-12 15:15:48
https://chiatech.net,chiatech.net,,Unknown,Other,200,variation,Technology,,2026-02-12 15:15:48
https://chiatech.org,chiatech.org,ChiaTech - Launch Your Tech Career,Unknown,Other,200,variation,Technology,,2026-02-12 15:15:48
https://chinar.com,chinar.com,CHINAR.COM | Strategic-Grade domain names for established businesses and funded startups,English,Other,200,variation,General,,2026-02-12 15:15:49
https://chinar.tv,chinar.tv,Home | Chinar Media,English,Other,200,variation,TV & Radio,,2026-02-12 15:15:49
https://chinar.xyz,chinar.xyz,,Unknown,Other,200,variation,General,,2026-02-12 15:15:49
https://chinarfilm.com,chinarfilm.com,Chinar Film,English,Other,200,variation,Culture & Arts,,2026-02-12 15:15:49
https://chinargroup.com,chinargroup.com,,Unknown,Other,200,variation,General,,2026-02-12 15:15:49
https://chinarmedia.com,chinarmedia.com,,Unknown,Other,200,variation,News & Media,,2026-02-12 15:15:49
https://chinarpost.com,chinarpost.com,,Unknown,Other,200,variation,General,SSL warning,2026-02-12 15:15:49
https://chinartimes.com,chinartimes.com,صفحہ اول - CHINAR TIMES,Unknown,Other,200,variation,Culture & Arts,,2026-02-12 15:15:49
https://ciwan.me,ciwan.me,,Unknown,Other,200,discovered,General,,2026-02-12 14:58:27
https://ciwan.net,ciwan.net,,Unknown,Other,200,discovered,General,SSL warning,2026-02-12 14:58:27
https://ciwan.org,ciwan.org,,Unknown,Other,200,discovered,General,,2026-02-12 14:58:27
https://cizre.com,cizre.com,Cizre.com,Unknown,Other,200,variation,General,SSL warning,2026-02-12 15:15:50
https://cizretv.com,cizretv.com,,Unknown,Other,200,variation,TV & Radio,,2026-02-12 15:05:41
https://cmd.koyauniversity.org,cmd.koyauniversity.org,CMD,English / Turkish,Other,200,crawl,Education,,2026-02-12 15:05:41
https://conferences.cihanuniversity.edu.iq,conferences.cihanuniversity.edu.iq,Cihan University-Erbil Conferences,English,Other,200,crawl,Education,,2026-02-12 15:15:50
https://conferences.hmu.edu.krd,conferences.hmu.edu.krd,Conferences -  Home,English,Other,200,discovered,General,,2026-02-12 14:58:27
https://conferences.lfu.edu.krd,conferences.lfu.edu.krd,LFU Conference,English,Other,200,discovered,General,,2026-02-12 14:58:27
https://conferences.tiu.edu.iq,conferences.tiu.edu.iq,Home - Conferences TIU,English,Other,200,crawl,Education,,2026-02-12 15:05:41
https://confsubmission.hmu.edu.krd,confsubmission.hmu.edu.krd,HMU Conference Proceedings,English,Other,200,crawl,Education,,2026-02-12 15:05:41
https://cptad.lfu.edu.krd,cptad.lfu.edu.krd,Center of Pedagogical Training and Academic Development,English,Other,200,discovered,General,,2026-02-12 14:58:27
https://cue.edu.krd,cue.edu.krd,Catholic University in Erbil | Where every student's story matters,English,Other,200,common_crawl,Education,,2026-02-12 15:05:41
https://cuesj.cihanuniversity.edu.iq,cuesj.cihanuniversity.edu.iq,Cihan University-Erbil Scientific Journal – a periodic multidisciplinary scientific journal issued by Cihan University- Erbil after auditing and revising by a specialized staff headed by the President,English,Other,200,crawl,Education,,2026-02-12 15:15:50
https://da.azadiradio.com,da.azadiradio.com,صفحه نخست رادیو آزادی,Persian / English,Other,200,crawl,TV & Radio,,2026-02-12 15:15:50
https://da.azadiradio.mobi,da.azadiradio.mobi,صفحه نخست رادیو آزادی,Persian / English,Other,200,crawl,TV & Radio,,2026-02-12 15:15:50
https://dahuk.com,dahuk.com,,Unknown,Other,200,variation,General,,2026-02-12 15:15:50
https://daquq.com,daquq.com,Daquq.com is for sale | HugeDomains,English,Other,200,variation,General,SSL warning,2026-02-12 15:15:50
https://data.krd,data.krd,Data,English,Other,200,discovered,General,SSL warning,2026-02-12 14:58:27
https://dean-of-students.tiu.edu.iq,dean-of-students.tiu.edu.iq,Home | Dean of Students,English,Other,200,crawl,Education,,2026-02-12 15:05:41
https://deng.io,deng.io,,Unknown,Other,200,variation,General,,2026-02-12 15:05:41
https://deng.me,deng.me,,Unknown,Other,200,variation,General,,2026-02-12 15:05:41
https://deng.online,deng.online,,Unknown,Other,200,variation,General,,2026-02-12 15:15:50
https://deng.org,deng.org,,Unknown,Other,200,variation,General,,2026-02-12 15:05:41
https://dengekurdistan.nu,dengekurdistan.nu,"Dengê Kurdistan – ""Azadî""",English,Other,200,crawl,General,,2026-02-12 15:15:51
https://dengi.io,dengi.io,,Unknown,Other,200,variation,General,,2026-02-12 15:15:51
https://dengi.online,dengi.online,dengi.online - dengi Resources and Information.,English,Other,200,variation,General,,2026-02-12 15:15:51
https://dengi.org,dengi.org,,Unknown,Other,200,variation,General,,2026-02-12 15:15:52
https://dengi.xyz,dengi.xyz,,Unknown,Other,200,variation,General,,2026-02-12 15:15:52
https://dengionline.net,dengionline.net,Гладиаторы: Онлайн-игра,Unknown,Other,200,variation,General,,2026-02-12 15:15:53
https://dengionline.org,dengionline.org,dengionline.org - dengionline Resources and Information.,English,Other,200,variation,General,,2026-02-12 15:15:54
https://dengmagazine.com,dengmagazine.com,Coming Soon,Unknown,Other,200,variation,General,,2026-02-12 15:05:42
https://dengonline.com,dengonline.com,DengOnline.com is for sale | HugeDomains,English,Other,200,variation,NGO & Human Rights,,2026-02-12 15:05:42
https://dengtech.com,dengtech.com,Home | DengTech,English,Other,200,variation,Technology,,2026-02-12 15:15:54
https://dentistry.tiu.edu.iq,dentistry.tiu.edu.iq,home - Dentistry Faculty - Dentistry Faculty,English,Other,200,crawl,Education,,2026-02-12 15:05:42
https://derik.com,derik.com,,Unknown,Other,200,variation,General,,2026-02-12 15:05:42
https://dersim.net,dersim.net,Sohbet,Turkish,Other,200,variation,General,,2026-02-12 15:05:43
https://dersimtv.net,dersimtv.net,- Dersim TV,English,Other,200,variation,TV & Radio,,2026-02-12 15:05:43
https://dfns.net/,dfns.net,,Unknown,Other,200,government,Government,Democratic Federation of Northern Syria,2026-02-12T14:53:08Z
https://dianamedia.com,dianamedia.com,,Unknown,Other,200,variation,News & Media,,2026-02-12 15:05:45
https://diananews.com,diananews.com,DianaNews.com is for sale | HugeDomains,English,Other,200,variation,News & Media,,2026-02-12 15:05:46
https://dianaonline.com,dianaonline.com,,Unknown,Other,200,variation,General,,2026-02-12 15:05:46
https://dianapost.com,dianapost.com,"Dianapost.com - the mature galleries, mom galleries,old woman,milf gallery. . Elder sex, milf at home.",English,Other,200,variation,General,,2026-02-12 15:05:47
https://dianatoday.com,dianatoday.com,DIANA TODAY – RESTORE | EQUIP | EMPOWER,English,Other,200,variation,General,,2026-02-12 15:05:47
https://dibis.com,dibis.com,,Unknown,Other,200,variation,General,,2026-02-12 15:15:54
https://dicle.com,dicle.com,,Unknown,Other,200,variation,General,,2026-02-12 15:15:54
https://diclenews.com,diclenews.com,,Unknown,Other,200,variation,News & Media,,2026-02-12 15:15:55
https://dictio.kurditgroup.org,dictio.kurditgroup.org,Home | Dictio,English,Other,200,crawl,General,,2026-02-12 15:05:47
https://diyarbakir.net,diyarbakir.net,"Diyarbakır Haber, Diyarbakır Son Dakika Haberleri",Turkish,Other,200,discovered,General,,2026-02-12 14:58:27
https://diyarbakirnews.com,diyarbakirnews.com,,Unknown,Other,200,variation,News & Media,,2026-02-12 15:05:47
https://diyarbakironline.com,diyarbakironline.com,Diyarbakır Online | Diyarbakır Son Dakika Haberleri,Turkish,Other,200,variation,General,,2026-02-12 15:05:47
https://dohuk.com,dohuk.com,,Unknown,Other,200,variation,General,,2026-02-12 15:15:55
https://dohuk.org,dohuk.org,,Unknown,Other,200,variation,General,,2026-02-12 15:15:55
https://dokan.com,dokan.com,DOKAN.COM | online shopping website in UAE for all your needs,English,Other,200,variation,General,,2026-02-12 15:15:56
https://dokan.net,dokan.net,dokan.net - dokan Resources and Information.,English,Other,200,variation,General,,2026-02-12 15:15:56
https://dokanonline.com,dokanonline.com,,Unknown,Other,200,variation,General,,2026-02-12 15:15:56
https://drupal.koyauniversity.org,drupal.koyauniversity.org,Plesk Obsidian 18.0.75,English,Other,200,crawl,Education,,2026-02-12 15:05:48
https://duhokcihan.edu.krd,duhokcihan.edu.krd,Home || Cihan University - Duhok,English,Other,200,crawl,Education,,2026-02-12 15:15:56
https://duhoknews.com,duhoknews.com,,Unknown,Other,200,variation,News & Media,,2026-02-12 15:05:48
https://duhoktv.com,duhoktv.com,DuhokTv.com is for sale | HugeDomains,English,Other,200,variation,TV & Radio,,2026-02-12 15:05:48
https://dukan.info,dukan.info,,Unknown,Other,200,variation,General,,2026-02-12 15:05:49
https://dukan.net,dukan.net,dukan.net - Test,Unknown,Other,200,variation,General,,2026-02-12 15:05:49
https://dukan.org,dukan.org,,Unknown,Other,200,variation,General,,2026-02-12 15:05:49
https://dukanonline.com,dukanonline.com,,Unknown,Other,200,variation,General,,2026-02-12 15:05:49
https://eajse.tiu.edu.iq,eajse.tiu.edu.iq,EURASIAN JOURNAL OF SCIENCE AND ENGINEERING,English,Other,200,crawl,Education,,2026-02-12 15:05:50
https://edu.soran.edu.iq,edu.soran.edu.iq,FACULTY OF EDUCATION,English / Turkish,Other,200,crawl,Education,,2026-02-12 15:05:50
https://education.tiu.edu.iq,education.tiu.edu.iq,Faculty of Education - TIU,English,Other,200,crawl,Education,,2026-02-12 15:05:50
https://ejmss.tiu.edu.iq,ejmss.tiu.edu.iq,Eurasian Journal of Management & Social Sciences  - Open Access,English,Other,200,crawl,Education,,2026-02-12 15:05:50
https://ejnm.hmu.edu.krd,ejnm.hmu.edu.krd,Erbil Journal of Nursing and Midwifery,English,Other,200,crawl,Education,,2026-02-12 15:15:57
https://ekurd.de,ekurd.de,ekurd.de jetzt kaufen!,Unknown,Other,200,discovered,General,,2026-02-12 14:58:27
https://ekurd.us11.list-manage.com,ekurd.us11.list-manage.com,,Unknown,Other,200,discovered,General,,2026-02-12 14:58:27
https://welat.me,elat.me,,Unknown,Other,200,discovered,General,,2026-02-12 14:58:59
https://elazigmedia.com,elazigmedia.com,,Unknown,Other,200,variation,News & Media,,2026-02-12 15:05:50
https://elazigonline.com,elazigonline.com,Elazığ Online - Elazığ Haber - Son Dakika Elazığ Haberleri,Turkish,Other,200,variation,General,,2026-02-12 15:15:57
https://elazigtv.com,elazigtv.com,,Unknown,Other,200,variation,TV & Radio,,2026-02-12 15:05:51
https://email.tiu.edu.iq,email.tiu.edu.iq,Academic Staff | Academic Staff,English,Other,200,crawl,Education,,2026-02-12 15:15:57
https://eng.soran.edu.iq,eng.soran.edu.iq,SUN's FENG,English / Turkish,Other,200,crawl,Education,,2026-02-12 15:05:51
https://engineering.tiu.edu.iq,engineering.tiu.edu.iq,Engineering Faculty - Tishk International University - Engineering Faculty,English,Other,200,crawl,Education,,2026-02-12 15:05:51
https://eprints.koyauniversity.org,eprints.koyauniversity.org,Welcome to Koya University Eprints - Koya University Eprints,English,Other,200,crawl,Education,,2026-02-12 15:05:51
https://epu.edu.iq/,epu.edu.iq,Home - Erbil Polytechnic University,English,Other,200,universities,Education,Erbil Polytechnic University,2026-02-12T14:53:14Z
https://erbil.com,erbil.com,,Unknown,Other,200,discovered,General,,2026-02-12 14:58:27
https://erbil.info,erbil.info,,Unknown,Other,200,discovered,General,,2026-02-12 14:58:27
https://erbil.io,erbil.io,Coming Soon,Unknown,Other,200,discovered,General,,2026-02-12 14:58:27
https://erbil.org,erbil.org,,Unknown,Other,200,discovered,General,,2026-02-12 14:58:27
https://erbilchamber.org,erbilchamber.org,Erbil - Chamber of Commerce & Industries,English,Other,200,crawl,General,,2026-02-12 15:05:51
https://erbilmarathon.com/,erbilmarathon.com,,Unknown,Other,200,sports,Sports,Erbil Marathon,2026-02-12T14:53:29Z
https://erbilnews.com,erbilnews.com,أخبار أربيل - Erbil News,Arabic,Other,200,variation,News & Media,,2026-02-12 15:05:51
https://erbilpost.com,erbilpost.com,Hostinger Horizons,English,Other,200,variation,General,,2026-02-12 15:05:51
https://erbiltoday.com,erbiltoday.com,Parked Domain name on Hostinger DNS system,English,Other,200,variation,General,,2026-02-12 15:05:51
https://ergani.com,ergani.com,Ergani Gündem - Ergani,Turkish,Other,200,variation,General,,2026-02-12 15:15:58
https://erp.mohe.gov.krd,erp.mohe.gov.krd,ÙÛØ²Ø§Ø±ÛØªÛ Ø®ÙÛÙØ¯ÙÛ Ø¨Ø§ÚµØ§ Ù ØªÙÛÚÛÙÛÙÛÛ Ø²Ø§ÙØ³ØªÛ,Unknown,Other,200,crawl,Government,,2026-02-12 15:05:52
https://eruh.net,eruh.net,Coming Soon,Unknown,Other,200,variation,General,,2026-02-12 15:15:58
https://etudeskurdes.org,etudeskurdes.org,Études kurdes - revue semestrielle de recherches,English,Other,200,crawl,General,,2026-02-12 15:05:52
https://ezidi.news,ezidi.news,Главная страница,English,Other,200,discovered,General,SSL warning,2026-02-12 14:58:27
https://ezidimedia.net,ezidimedia.net,ezidimedia.net,English,Other,200,variation,News & Media,,2026-02-12 15:15:58
https://ezidinews.ct.ws,ezidinews.ct.ws,,Unknown,Other,200,crawl,News & Media,,2026-02-12 15:05:52
https://eziditimes.com,eziditimes.com,Welcome to Ezidi Times –,English,Other,200,variation,Religious,,2026-02-12 15:15:59
https://fa.kurdistanukurd.com,fa.kurdistanukurd.com,کوردستان و کورد – وبسایت مرکزی حزب دمکرات کردستان ایران,Persian,Other,200,crawl,General,,2026-02-12 15:05:52
https://fa.kurdistanukurd.org,fa.kurdistanukurd.org,کوردستان و کورد – وبسایت مرکزی حزب دمکرات کردستان ایران,Persian,Other,200,crawl,General,,2026-02-12 15:05:52
https://farukmedicalcity.com/,farukmedicalcity.com,Faruk Medical City - Excellence in Human Care,English,Other,200,health,Health,Faruk Medical City,2026-02-12T14:53:28Z
https://ferheng.com/,ferheng.com,,Unknown,Other,200,cultural,Culture & Reference,Ferheng Kurdish dictionary (com),2026-02-12T14:53:16Z
https://ferheng.org/,ferheng.org,FerhengUi,English,Other,200,cultural,Culture & Reference,Ferheng Kurdish dictionary (org),2026-02-12T14:53:16Z
https://files.thekurdistani.com,files.thekurdistani.com,PM77TOTO # Link Deposit Pulsa Dengan Pelayanan Terbaik,English,Other,200,crawl,General,,2026-02-12 15:05:52
https://gali.io,gali.io,,Unknown,Other,200,variation,General,,2026-02-12 15:15:59
https://galicenter.com,galicenter.com,GALI - Global Academy of Language Immersion,English,Other,200,variation,General,,2026-02-12 15:15:59
https://galifood.com,galifood.com,,Unknown,Other,200,variation,Food & Lifestyle,,2026-02-12 15:15:59
https://galigroup.com,galigroup.com,Galigroup Trasporti e Logistica,English / Turkish,Other,200,variation,General,,2026-02-12 15:15:59
https://galihealth.com,galihealth.com,GaliHealth.com,English,Other,200,variation,Health,SSL warning,2026-02-12 15:15:59
https://galimarket.com,galimarket.com,galimarket.com for sale | Spaceship.com,English,Other,200,variation,E-Commerce,,2026-02-12 15:15:59
https://galimedia.com,galimedia.com,,Unknown,Other,200,variation,News & Media,,2026-02-12 15:16:00
https://galimusic.org,galimusic.org,,Unknown,Other,200,variation,Culture & Arts,,2026-02-12 15:16:00
https://galinet.com,galinet.com,,Unknown,Other,200,variation,General,,2026-02-12 15:16:00
https://galinet.net,galinet.net,,Unknown,Other,200,variation,General,SSL warning,2026-02-12 15:16:01
https://galinews.com,galinews.com,GaliNews.com is for sale | HugeDomains,English,Other,200,variation,News & Media,,2026-02-12 15:16:01
https://galishop.com,galishop.com,GaliShop.com is for sale | HugeDomains,English,Other,200,variation,E-Commerce,,2026-02-12 15:16:01
https://galistore.net,galistore.net,GALI STORE,Turkish / English,Other,200,variation,E-Commerce,,2026-02-12 15:16:01
https://galitech.com,galitech.com,GaliTech.com is for sale | HugeDomains,English,Other,200,variation,Technology,,2026-02-12 15:16:02
https://galitech.net,galitech.net,Galitech - Servicios Infórmaticos,English,Other,200,variation,Technology,,2026-02-12 15:16:02
https://galitravel.com,galitravel.com,GaliTravel.com is for sale | HugeDomains,English,Other,200,variation,Tourism,SSL warning,2026-02-12 15:16:02
https://genç.com,genç.com,genÃ§.com for sale | Spaceship.com,English,Other,200,variation,General,,2026-02-12 15:16:03
https://gorani.net,gorani.net,Website Builder – CloudyHost®,Unknown,Other,200,discovered,General,,2026-02-12 14:58:34
https://gorran.com,gorran.com,Gorran.com - Business Domain for Sale,English,Other,200,variation,Political,,2026-02-12 15:16:03
https://gorran.org,gorran.org,Parked Domain name on Hostinger DNS system,English,Other,200,variation,Political,,2026-02-12 15:16:03
https://gorranmusic.com,gorranmusic.com,Gorran,English,Other,200,variation,Political,,2026-02-12 15:16:03
https://gulan-media.com/,gulan-media.com,ดูบอลสด888 – ศูนย์รวมความมันส์ ครบทุกลีก ถ่ายทอดชัด รวดเร็วทันใจ สุดคุ้มทุกแมตช์,English,Other,200,known_media,News & Media,Gulan Media,2026-02-12T14:52:50Z
https://gulan.net,gulan.net,,Unknown,Other,200,variation,General,,2026-02-12 15:16:04
https://gulan.online,gulan.online,,Unknown,Other,200,variation,General,,2026-02-12 15:16:04
https://gulan.org,gulan.org,,Unknown,Other,200,variation,General,,2026-02-12 15:16:04
https://gulistanradio.com,gulistanradio.com,gulistanradio.com,English,Other,200,variation,TV & Radio,,2026-02-12 15:16:05
https://gund.com,gund.com,"GUND: Official Home of Huggable Teddy Bears & Stuffed Toys Since 1898
 – Gund",English,Other,200,variation,General,,2026-02-12 15:16:05
https://gundgroup.org,gundgroup.org,,Unknown,Other,200,variation,General,,2026-02-12 15:16:05
https://gurpinar.com,gurpinar.com,Gurpinar.com is for sale | HugeDomains,English,Other,200,variation,General,,2026-02-12 15:16:06
https://gurpinar.net,gurpinar.net,Onur Gürpınar – Projects Manager,English,Other,200,variation,General,,2026-02-12 15:16:06
https://hakkari.com,hakkari.com,,Unknown,Other,200,variation,General,,2026-02-12 15:05:53
https://halabjah.com,halabjah.com,,Unknown,Other,200,variation,General,,2026-02-12 15:16:07
https://halabjamemorial.org,halabjamemorial.org,Halabja Memorial – In Memory of a Tragedy,English,Other,200,crawl,General,,2026-02-12 15:16:07
https://hani.info,hani.info,,Unknown,Other,200,variation,General,,2026-02-12 15:16:07
https://hani.net,hani.net,الرئيسية - هاني سندي,Arabic,Other,200,variation,General,,2026-02-12 15:16:07
https://haninews.com,haninews.com,,Unknown,Other,200,variation,News & Media,,2026-02-12 15:16:07
https://hanionline.com,hanionline.com,Hani Online,English,Other,200,variation,General,,2026-02-12 15:16:07
https://harikar.org/,harikar.org,Harikar NGO - Home Page,English,Other,200,ngo,NGO & Human Rights,Harikar NGO,2026-02-12T14:53:27Z
https://harir.net,harir.net,,Unknown,Other,200,variation,General,,2026-02-12 15:16:07
https://harsin.net,harsin.net,Index of /,Unknown,Other,200,variation,General,,2026-02-12 15:16:07
https://hasaka.com,hasaka.com,,Unknown,Other,200,variation,General,,2026-02-12 15:05:53
https://havin.com,havin.com,,Unknown,Other,200,variation,General,,2026-02-12 15:16:07
https://havin.org,havin.org,صفحه اصلی هاوین - هاوین,Persian,Other,200,variation,General,,2026-02-12 15:16:08
https://havin.xyz,havin.xyz,The havin,English,Other,200,variation,General,,2026-02-12 15:16:08
https://havingroup.com,havingroup.com,,Unknown,Other,200,variation,General,,2026-02-12 15:16:08
https://havinmag.com,havinmag.com,صفحه خانه - هاوین مگ,Persian,Other,200,variation,General,,2026-02-12 15:16:08
https://hawar.org,hawar.org,,Unknown,Other,200,discovered,General,SSL warning,2026-02-12 14:58:35
https://hawarcenter.com,hawarcenter.com,,English,Other,200,variation,News & Media,SSL warning,2026-02-12 15:16:09
https://hawarnet.com,hawarnet.com,,Unknown,Other,200,variation,News & Media,,2026-02-12 15:05:53
https://hawija.com,hawija.com,,Unknown,Other,200,variation,General,,2026-02-12 15:16:09
https://hawler.com,hawler.com,,Unknown,Other,200,variation,General,,2026-02-12 15:05:53
https://hawler.info/,hawler.info,,Unknown,Other,200,ecommerce,E-Commerce,Hawler city info,2026-02-12T14:53:23Z
https://hawler.net,hawler.net,,Unknown,Other,200,variation,General,,2026-02-12 15:05:54
https://hawpshti.org,hawpshti.org,,Unknown,Other,200,variation,General,,2026-02-12 15:16:09
https://hawramani.com/,hawramani.com,Ikram Hawramani's Website,Arabic / Persian,Other,200,religious,Religious,Hawramani Islamic studies,2026-02-12T14:53:21Z
https://hazronews.com,hazronews.com,,Unknown,Other,200,variation,News & Media,,2026-02-12 15:16:10
https://hewal.com,hewal.com,,Unknown,Other,200,variation,General,,2026-02-12 15:16:10
https://hewal.org,hewal.org,Kaliteli IRC Sohbet – Hewal.org | Bedava Sohbet Odaları & Mobil Chat,Turkish,Other,200,variation,General,,2026-02-12 15:16:10
https://hewaltech.com,hewaltech.com,HeWalTech - HeWalTech,Turkish,Other,200,variation,Technology,,2026-02-12 15:16:11
https://hewler.com,hewler.com,Unlocking the Power of Hewler: A Guide to [Topic],English,Other,200,discovered,General,SSL warning,2026-02-12 14:58:35
https://hfrk.com,hfrk.com,,Unknown,Other,200,discovered,General,,2026-02-12 14:58:35
https://hfrk.net,hfrk.net,Home - Hengfeng Ruike Custom Embedded Designs & Manufacturing Solutions,English,Other,200,discovered,General,,2026-02-12 14:58:35
https://hih-iq.com/,hih-iq.com,HIH | Health International Hospital – نەخۆشخانەی هێڵس ئینتەرناشناڵ,English,Other,200,health,Health,HIH Iraq hospital,2026-02-12T14:53:28Z
https://hmu.edu.krd/,hmu.edu.krd,Hawler Medical University - Hawler Medical University,English,Other,200,universities,Education,Hawler Medical University,2026-02-12T14:53:14Z
https://hozat.com,hozat.com,,Unknown,Other,200,variation,General,,2026-02-12 15:16:11
https://huj.uoh.edu.iq,huj.uoh.edu.iq,Halabja University Journal,English,Other,200,crawl,Education,,2026-02-12 15:16:12
https://icpahd.epu.edu.iq,icpahd.epu.edu.iq,ICPAHD 2025 | EPU – International Conference on Pharmaceutical and applied Healthcare Development,English,Other,200,crawl,Education,,2026-02-12 15:05:54
https://identity.lfu.edu.krd,identity.lfu.edu.krd,- LFU,Unknown,Other,200,discovered,General,,2026-02-12 14:58:35
https://idil.org,idil.org,,Unknown,Other,200,variation,General,,2026-02-12 15:16:12
https://idilnews.com,idilnews.com,Idil News – idilnews.com,English,Other,200,variation,News & Media,,2026-02-12 15:16:12
https://idilonline.com,idilonline.com,İdilonline – Blog,Turkish,Other,200,variation,General,,2026-02-12 15:16:12
https://ijsses.tiu.edu.iq,ijsses.tiu.edu.iq,International Journal of Social Sciences & Educational Studies,English,Other,200,crawl,Education,,2026-02-12 15:05:55
https://ilam.net,ilam.net,,Unknown,Other,200,variation,General,,2026-02-12 15:05:55
https://ilam.org,ilam.org,Bienvenido al ILAM - ILAM,Turkish,Other,200,variation,General,,2026-02-12 15:05:56
https://ilampress.com,ilampress.com,,Unknown,Other,200,variation,News & Media,,2026-02-12 15:05:56
https://ilamtv.com,ilamtv.com,ilamtv,Turkish,Other,200,variation,TV & Radio,,2026-02-12 15:05:57
https://irbil.com,irbil.com,,Unknown,Other,200,variation,General,SSL warning,2026-02-12 15:16:13
https://irbil.net,irbil.net,,Unknown,Other,200,variation,General,,2026-02-12 15:16:13
https://irbil.org,irbil.org,irbil.org - This website is for sale! - irbil Resources and Information.,English,Other,200,variation,General,,2026-02-12 15:16:13
https://iro.tiu.edu.iq,iro.tiu.edu.iq,Home - IRO,English,Other,200,crawl,Education,,2026-02-12 15:05:58
https://islamkurd.com/,islamkurd.com,,Unknown,Other,200,religious,Religious,Islam Kurd,2026-02-12T14:53:21Z
https://jin.io,jin.io,,Unknown,Other,200,variation,General,,2026-02-12 15:05:58
https://jin.tv,jin.tv,,Unknown,Other,200,variation,TV & Radio,,2026-02-12 15:05:58
https://jinblog.org,jinblog.org,jin blog,English,Other,200,variation,Blogs & Forums,,2026-02-12 15:05:58
https://jindev.com,jindev.com,,Unknown,Other,200,variation,Technology,,2026-02-12 15:16:13
https://jinfm.com,jinfm.com,JinFm.com is for sale | HugeDomains,English,Other,200,variation,TV & Radio,,2026-02-12 15:05:59
https://jinfm.net,jinfm.net,ä¸å»é¯¨é¸,Unknown,Other,200,variation,TV & Radio,,2026-02-12 15:05:59
https://jinhealth.com,jinhealth.com,JinHealth.com is for sale | HugeDomains,English,Other,200,variation,Health,SSL warning,2026-02-12 15:16:14
https://jinmag.com,jinmag.com,jinmag.com —  Domain default page,English,Other,200,variation,General,,2026-02-12 15:05:59
https://jinmagazine.com,jinmagazine.com,JinMagazine.com is for sale | HugeDomains,English,Other,200,variation,General,,2026-02-12 15:05:59
https://jinmedia.com,jinmedia.com,,Unknown,Other,200,discovered,General,,2026-02-12 14:58:35
https://jinmusic.com,jinmusic.com,,Unknown,Other,200,variation,Culture & Arts,,2026-02-12 15:16:14
https://jinonline.com,jinonline.com,,Unknown,Other,200,variation,General,,2026-02-12 15:05:59
https://jinpost.com,jinpost.com,JinPost.com is for sale | HugeDomains,English,Other,200,variation,General,,2026-02-12 15:05:59
https://jinshop.com,jinshop.com,jinshop.com - This website is for sale! - jinshop Resources and Information.,English,Other,200,variation,E-Commerce,,2026-02-12 15:16:14
https://jinsport.com,jinsport.com,JinSport.com is for sale | HugeDomains,English,Other,200,variation,Sports,,2026-02-12 15:16:15
https://jinstore.com,jinstore.com,JinStore.com is for sale | HugeDomains,English,Other,200,variation,E-Commerce,SSL warning,2026-02-12 15:16:15
https://jintech.com,jintech.com,Jin Technologies Private Limited – Jintech,English,Other,200,variation,Technology,,2026-02-12 15:16:15
https://jintv.net,jintv.net,/ku/,English,Other,200,variation,TV & Radio,,2026-02-12 15:06:00
https://jinweb.com,jinweb.com,JinWeb.com is for sale | HugeDomains,English,Other,200,variation,General,,2026-02-12 15:06:00
https://jiyan.com,jiyan.com,,Unknown,Other,200,variation,General,,2026-02-12 15:06:00
https://jiyan.news,jiyan.news,Jiyan News - Hakikatin Peşinde,Turkish,Other,200,variation,News & Media,,2026-02-12 15:16:15
https://jiyan.org,jiyan.org,Home - Jiyan Foundation For Human Rights,English,Other,200,variation,General,,2026-02-12 15:06:01
https://jiyanstore.com,jiyanstore.com,Jiyan LLC | Smart Living Solutions – Enhancing Lives with Modern & Trusted Products,English,Other,200,variation,E-Commerce,SSL warning,2026-02-12 15:16:15
https://jiyantech.com,jiyantech.com,JiyanTech,English,Other,200,variation,Technology,,2026-02-12 15:16:16
https://journal.lfu.edu.krd,journal.lfu.edu.krd,Index of /,Unknown,Other,200,discovered,General,,2026-02-12 14:58:35
https://journals.cihanuniversity.edu.iq,journals.cihanuniversity.edu.iq,Portal of Cihan University-Erbil Scientific Journals,English,Other,200,crawl,Education,,2026-02-12 15:16:16
https://journals.epu.edu.iq,journals.epu.edu.iq,Mitanni Journal of Humanitarian Sciences,English,Other,200,crawl,Education,,2026-02-12 15:06:01
https://journals.soran.edu.iq,journals.soran.edu.iq,Twejer Journal,English,Other,200,crawl,Education,,2026-02-12 15:06:01
https://journals.tiu.edu.iq,journals.tiu.edu.iq,Home - TIU JOURNALS,English,Other,200,crawl,Education,,2026-02-12 15:06:02
https://journals.uhd.edu.iq,journals.uhd.edu.iq,Portal of UHD Academic Journals,English,Other,200,crawl,Education,,2026-02-12 15:06:02
https://jwan.org,jwan.org,,Unknown,Other,200,discovered,General,,2026-02-12 14:58:35
https://kalar.com,kalar.com,,English,Other,200,variation,General,,2026-02-12 15:06:02
https://kamyaran.com,kamyaran.com,kamyaran.com,English,Other,200,variation,General,,2026-02-12 15:06:02
https://kangavar.com,kangavar.com,kangavar.com,English,Other,200,variation,General,SSL warning,2026-02-12 15:16:16
https://karliova.com,karliova.com,Karliova.com is for sale | HugeDomains,English,Other,200,variation,General,SSL warning,2026-02-12 15:16:16
https://karwan.tv/,karwan.tv,kurdish TV channels live streaming -www.Karwan.TV,English,Other,200,tv_channels,TV & Radio,Karwan TV,2026-02-12T14:53:07Z
https://kawapress.com,kawapress.com,知らぬが仏の座 – ケチ男の世渡りライフハック,Turkish,Other,200,variation,News & Media,,2026-02-12 15:06:02
https://kayapinar.com,kayapinar.com,,Unknown,Other,200,variation,General,,2026-02-12 15:16:16
https://kdppress.org,kdppress.org,Kurdistan Democratic Party of Iran,Unknown,Other,200,discovered,General,,2026-02-12 14:58:35
https://kdsp.org/,kdsp.org,,Unknown,Other,200,political_parties,Political,Kurdistan Democratic Solution Party,2026-02-12T14:53:10Z
https://kerkuk-kurdistan.com,kerkuk-kurdistan.com,,Unknown,Other,200,discovered,General,,2026-02-12 14:58:35
https://kerkuk.info,kerkuk.info,TÃ¼rkmen Kerkuk,Unknown,Other,200,variation,General,,2026-02-12 15:06:02
https://kerkuk.net,kerkuk.net,M98 คาสิโนออนไลน์ สล็อต บาคาร่า แทงบอล | Kerkuk Gaming Oasis,Unknown,Other,200,variation,General,,2026-02-12 15:06:03
https://kermanshah.com,kermanshah.com,kermanshah.com,English,Other,200,variation,General,,2026-02-12 15:06:03
https://kirkuk.com,kirkuk.com,,Unknown,Other,200,variation,General,,2026-02-12 15:06:03
https://kirkuk.krd,kirkuk.krd,kirkuk.krd — Premium Domain for Sale,English,Other,200,discovered,General,,2026-02-12 14:58:35
https://kirkuk.org,kirkuk.org,Kirkuk.org - For Sale,English,Other,200,discovered,General,,2026-02-12 14:58:35
https://kirkukpost.com,kirkukpost.com,Kirkuk Post,English,Other,200,variation,General,,2026-02-12 15:06:03
https://kiziltepe.net,kiziltepe.net,,Unknown,Other,200,variation,General,,2026-02-12 15:16:16
https://kobane.com/,kobane.com,,Unknown,Other,200,diaspora,Diaspora,Kobane community,2026-02-12T14:53:25Z
https://kobani.com,kobani.com,,Unknown,Other,200,variation,General,,2026-02-12 15:06:03
https://kobani.net,kobani.net,صوت شباب كردستان,Arabic,Other,200,variation,General,,2026-02-12 15:06:03
https://kobani.org,kobani.org,صوت شباب كردستان,Arabic,Other,200,variation,General,,2026-02-12 15:06:03
https://kobanikurd.com,kobanikurd.com,WIKISLOT: Situs Slot Online Yang Menyediakan Game Slot Gacor Dengan RTP 99%,Turkish,Other,200,variation,General,,2026-02-12 15:06:03
https://kohrw.org/,kohrw.org,KOHRW,English,Other,200,ngo,NGO & Human Rights,Kurdistan Organization for Human Rights Watch,2026-02-12T14:53:27Z
https://komal.com,komal.com,"Komal •  Business Strategist, Interviewer, Resilience Educator & Impact Investor",Unknown,Other,200,variation,General,SSL warning,2026-02-12 15:16:16
https://komal.me,komal.me,,Unknown,Other,200,variation,General,,2026-02-12 15:16:16
https://komal.org/,komal.org,,Unknown,Other,200,political_parties,Political,Kurdistan Islamic Group,2026-02-12T14:53:09Z
https://komal.tv,komal.tv,,Unknown,Other,200,variation,TV & Radio,SSL warning,2026-02-12 15:16:16
https://komal.xyz,komal.xyz,Komal.xyz for sale | Spaceship.com,English,Other,200,variation,General,,2026-02-12 15:16:17
https://komala.info,komala.info,,Unknown,Other,200,variation,Political,,2026-02-12 15:16:17
https://komala.me,komala.me,Komala.Me,English,Other,200,variation,Political,,2026-02-12 15:16:17
https://komalacenter.com,komalacenter.com,Komala,English,Other,200,variation,Political,SSL warning,2026-02-12 15:16:17
https://komalanews.com,komalanews.com,komalanews.com - Tajam & Terpecaya,Turkish,Other,200,variation,News & Media,,2026-02-12 15:16:17
https://komalhealth.com,komalhealth.com,Komal Health Care Pvt Ltd in  Mumbai,English,Other,200,variation,Health,,2026-02-12 15:16:17
https://komalmusic.com,komalmusic.com,,English,Other,200,variation,Culture & Arts,,2026-02-12 15:16:18
https://komalmusic.net,komalmusic.net,komalmusic,English,Other,200,variation,Culture & Arts,,2026-02-12 15:16:18
https://komalnet.com,komalnet.com,,Unknown,Other,200,variation,General,,2026-02-12 15:16:19
https://komalnews.org,komalnews.org,,Unknown,Other,200,variation,News & Media,,2026-02-12 15:16:19
https://komaltech.com,komaltech.com,Your domain is suspended,Unknown,Other,200,variation,Technology,,2026-02-12 15:16:19
https://komaltravel.com,komaltravel.com,Komal Travel,English,Other,200,variation,Tourism,,2026-02-12 15:16:19
https://komar.edu.iq/,komar.edu.iq,KUST,English,Other,200,universities,Education,Komar University,2026-02-12T14:53:15Z
https://komela.org,komela.org,,English,Other,200,discovered,General,,2026-02-12 14:58:35
https://komkar.com,komkar.com,Komkar.com is for sale | HugeDomains,English,Other,200,discovered,General,,2026-02-12 14:58:35
https://kordestan.com,kordestan.com,Personal Website for Majed Mirzaie,English,Other,200,discovered,General,,2026-02-12 14:58:35
https://korek.com,korek.com,The Micheal & Ina Korek Foundation,Unknown,Other,200,variation,General,,2026-02-12 15:16:20
https://korek.org,korek.org,The Micheal & Ina Korek Foundation,Unknown,Other,200,discovered,General,,2026-02-12 14:58:35
https://korekgroup.com,korekgroup.com,Coming Soon,Unknown,Other,200,variation,General,,2026-02-12 15:16:20
https://korekmusic.com,korekmusic.com,,Unknown,Other,200,variation,Culture & Arts,,2026-02-12 15:16:21
https://koreksport.com,koreksport.com,,Unknown,Other,200,variation,Sports,,2026-02-12 15:16:21
https://korektv.com,korektv.com,KorekTv.com is for sale | HugeDomains,English,Other,200,variation,TV & Radio,,2026-02-12 15:16:21
https://kulp.net,kulp.net,,Unknown,Other,200,variation,General,,2026-02-12 15:16:21
https://kurd.info,kurd.info,KURD INFO,English,Other,200,discovered,General,,2026-02-12 14:58:35
https://kurd.io/,kurd.io,,Unknown,Other,200,tech,Technology,Kurd.io tech platform,2026-02-12T14:53:29Z
https://kurd.land,kurd.land,KURD.LAND – Digital Platforms For NATION-BUILDING Infrastructure & KURDISTAN State,English,Other,200,crawl,General,,2026-02-12 15:06:03
https://kurd.me,kurd.me,,Unknown,Other,200,discovered,General,,2026-02-12 14:58:35
https://kurd.news,kurd.news,,Unknown,Other,200,discovered,General,,2026-02-12 14:58:35
https://kurd.org/,kurd.org,"For Kurds, By Kurds. - Since 1996",English,Other,200,cultural,Culture & Reference,Kurd.org,2026-02-12T14:53:19Z
https://kurd.site,kurd.site,joint control,Arabic,Other,200,variation,General,,2026-02-12 15:16:22
https://kurd.store/,kurd.store,,Unknown,Other,200,ecommerce,E-Commerce,Kurd Store,2026-02-12T14:53:23Z
https://kurd.xyz,kurd.xyz,,Unknown,Other,200,variation,General,,2026-02-12 15:06:03
https://kurdane.com,kurdane.com,Radio Website Kurdane – Radio Website Kurdane,Persian,Other,200,crawl,General,,2026-02-12 15:06:04
https://kurdbazar.com,kurdbazar.com,KurdBazar.com is for sale | HugeDomains,English,Other,200,discovered,General,,2026-02-12 14:58:36
https://kurdblogger.com/,kurdblogger.com,KurdBlogger.com is for sale | HugeDomains,English,Other,200,blogs,Blogs & Forums,Kurd Blogger,2026-02-12T14:53:29Z
https://kurddaily.com,kurddaily.com,KurdDaily.com - News Domains for Sale - Buy Premium Media & Journalism Domain Names | Domain for Sale. Call 888-694-6735.,English,Other,200,variation,General,,2026-02-12 15:06:04
https://kurdfilm.com,kurdfilm.com,KurdFilm.com is for sale | HugeDomains,English,Other,200,discovered,General,,2026-02-12 14:58:36
https://kurdfm.com,kurdfm.com,,Unknown,Other,200,variation,TV & Radio,,2026-02-12 15:06:04
https://kurdfood.com,kurdfood.com,info,Unknown,Other,200,discovered,General,,2026-02-12 14:58:37
https://kurdgroup.com,kurdgroup.com,kurdgroup.com - This website is for sale! - kurdgroup Resources and Information.,English,Other,200,variation,General,,2026-02-12 15:16:22
https://kurdhealth.com,kurdhealth.com,KurdHealth.com is for sale | HugeDomains,English,Other,200,discovered,General,,2026-02-12 14:58:37
https://kurdhub.com,kurdhub.com,,Unknown,Other,200,variation,General,,2026-02-12 15:16:22
https://kurdhub.org,kurdhub.org,lana omer,English,Other,200,variation,General,,2026-02-12 15:16:22
https://kurdi.com/,kurdi.com,Kurdi.com,English,Other,200,cultural,Culture & Reference,Kurdi.com cultural portal,2026-02-12T14:53:16Z
https://kurdi.io,kurdi.io,Ahmad El Kordi - Senior Full Stack Engineer,English,Other,200,discovered,General,,2026-02-12 14:58:37
https://kurdi.me,kurdi.me,,Unknown,Other,200,discovered,General,SSL warning,2026-02-12 14:58:38
https://kurdi.net,kurdi.net,,Unknown,Other,200,discovered,General,,2026-02-12 14:58:38
https://kurdi.wikibase.cloud,kurdi.wikibase.cloud,Making sure you're not a bot!,English,Other,200,discovered,General,,2026-02-12 14:58:39
https://kurdi.xyz,kurdi.xyz,Kurdi.xyz for sale | Spaceship.com,English,Other,200,variation,General,,2026-02-12 15:06:05
https://kurdigroup.com,kurdigroup.com,KurdiGroup.com is for sale | HugeDomains,English,Other,200,variation,General,SSL warning,2026-02-12 15:16:22
https://kurdinet.com,kurdinet.com,KurdiNet,English,Other,200,variation,General,,2026-02-12 15:06:05
https://kurdionline.com,kurdionline.com,Anasayfa - kurdionline.com,Turkish,Other,200,variation,General,,2026-02-12 15:06:06
https://kurdisch-lernen.de,kurdisch-lernen.de,Adar Schule - Kurdisch lernen,English,Other,200,crawl,General,,2026-02-12 15:16:23
https://kurdish.com,kurdish.com,,Unknown,Other,200,discovered,General,,2026-02-12 14:58:41
https://kurdish.info,kurdish.info,,Unknown,Other,200,discovered,General,,2026-02-12 14:58:41
https://kurdish.me,kurdish.me,,Unknown,Other,200,discovered,General,,2026-02-12 14:58:41
https://kurdish.net,kurdish.net,,Unknown,Other,200,discovered,General,,2026-02-12 14:58:41
https://kurdish.org,kurdish.org,American Kurdish Network,English,Other,200,discovered,General,,2026-02-12 14:58:42
https://kurdish.xyz,kurdish.xyz,Rumi Mamedov - Dagestan Final Boss,English,Other,200,variation,General,,2026-02-12 15:06:06
https://kurdishcentral.org/,kurdishcentral.org,Welcome to Kurdish Central! - Kurdish Central,English,Other,200,cultural,Culture & Reference,Kurdish Central,2026-02-12T14:53:20Z
https://kurdishcinema.com/,kurdishcinema.com,,Unknown,Other,200,cultural,Culture & Reference,Kurdish cinema,2026-02-12T14:53:17Z
https://kurdishfilm.com/,kurdishfilm.com,,Unknown,Other,200,cultural,Culture & Reference,Kurdish film,2026-02-12T14:53:17Z
https://kurdishfm.com,kurdishfm.com,Kurdish Radio,English,Other,200,variation,TV & Radio,,2026-02-12 15:06:07
https://kurdishgroup.com,kurdishgroup.com,KurdishGroup.com is for sale | HugeDomains,English,Other,200,variation,General,,2026-02-12 15:16:23
https://kurdishmusic.com,kurdishmusic.com,,Unknown,Other,200,variation,Culture & Arts,,2026-02-12 15:16:24
https://kurdishmusic.org,kurdishmusic.org,Default page,English,Other,200,variation,Culture & Arts,,2026-02-12 15:16:24
https://kurdishonline.org,kurdishonline.org,Adar Schule - Kurdisch lernen,English,Other,200,variation,General,,2026-02-12 15:06:07
https://kurdishop.com,kurdishop.com,,Unknown,Other,200,variation,E-Commerce,,2026-02-12 15:16:24
https://kurdishradio.com,kurdishradio.com,,Unknown,Other,200,variation,TV & Radio,SSL warning,2026-02-12 15:06:07
https://kurdishtv.com,kurdishtv.com,,Unknown,Other,200,variation,TV & Radio,,2026-02-12 15:06:08
https://kurdishvoice.com,kurdishvoice.com,KurdishVoice.com is for sale | HugeDomains,English,Other,200,variation,General,,2026-02-12 15:06:08
https://kurdishvoice.net,kurdishvoice.net,,Unknown,Other,200,variation,General,,2026-02-12 15:06:09
https://kurdisite.com,kurdisite.com,Kurdisite – Kurdish Christian Resources,English,Other,200,variation,General,,2026-02-12 15:06:09
https://kurdistan.com,kurdistan.com,,Unknown,Other,200,discovered,General,,2026-02-12 14:58:42
https://kurdistan.me,kurdistan.me,Asan Saz Inspection  Corporation,English,Other,200,discovered,General,,2026-02-12 14:58:42
https://kurdistan.media,kurdistan.media,,Unknown,Other,200,discovered,General,,2026-02-12 14:58:42
https://kurdistan.news,kurdistan.news,KURDISTAN NEWS – INSIGHTS & ANALYSIS,English,Other,200,discovered,General,,2026-02-12 14:58:42
https://kurdistan.online,kurdistan.online,KURDISTAN.ONLINE is under construction,English,Other,200,variation,General,,2026-02-12 15:16:25
https://kurdistan.org,kurdistan.org,AKIN,English,Other,200,discovered,General,,2026-02-12 14:58:42
https://kurdistan.site,kurdistan.site,,English,Other,200,variation,General,SSL warning,2026-02-12 15:16:25
https://kurdistan.tv,kurdistan.tv,KURDISTAN TV – KURDISTAN NATIONAL TELEVISION,English,Other,200,discovered,General,,2026-02-12 14:58:42
https://kurdistan.xyz,kurdistan.xyz,,Unknown,Other,200,variation,General,,2026-02-12 15:06:09
https://kurdistanatlas.kurd.org,kurdistanatlas.kurd.org,Kurdistan Atlas,English,Other,200,crawl,General,,2026-02-12 15:06:10
https://kurdistandaily.com,kurdistandaily.com,,Unknown,Other,200,variation,General,,2026-02-12 15:06:10
https://kurdistandaily.net,kurdistandaily.net,,Unknown,Other,200,variation,General,,2026-02-12 15:06:11
https://kurdistanfootball.com,kurdistanfootball.com,,Unknown,Other,200,variation,Sports,,2026-02-12 15:06:11
https://kurdistanhealth.com,kurdistanhealth.com,KurdistanHealth.com is for sale | HugeDomains,English,Other,200,variation,Health,,2026-02-12 15:06:11
https://kurdistanhealth.org,kurdistanhealth.org,kurdistanhealth.org,English,Other,200,variation,Health,SSL warning,2026-02-12 15:16:25
https://kurdistanhub.com,kurdistanhub.com,,Unknown,Other,200,variation,General,,2026-02-12 15:16:25
https://kurdistanhumanrights.org/,kurdistanhumanrights.org,KHRN | Kurdistan Human Rights Network,English,Other,200,cultural,Culture & Reference,Kurdistan Human Rights,2026-02-12T14:53:19Z
https://kurdistaninfo.com,kurdistaninfo.com,KurdistanInfo.com is for sale | HugeDomains,English,Other,200,variation,General,,2026-02-12 15:06:12
https://kurdistanmarket.com,kurdistanmarket.com,KurdistanMarket.com is for sale | HugeDomains,English,Other,200,variation,E-Commerce,,2026-02-12 15:16:25
https://kurdistannet.com,kurdistannet.com,,Unknown,Other,200,variation,General,,2026-02-12 15:06:12
https://kurdistannews.com,kurdistannews.com,,Unknown,Other,200,variation,News & Media,SSL warning,2026-02-12 15:06:12
https://kurdistannow.com,kurdistannow.com,KurdistanNow.com is for sale | HugeDomains,English,Other,200,variation,General,SSL warning,2026-02-12 15:06:12
https://kurdistanobserver.com,kurdistanobserver.com,Kurdistan - Kurdistan Observer,English,Other,200,discovered,General,,2026-02-12 14:58:43
https://kurdistanpost.net,kurdistanpost.net,Kurdistan Post - Mail & Package Services,English,Other,200,variation,General,SSL warning,2026-02-12 15:06:12
https://kurdistanpress.net,kurdistanpress.net,KurdistanPress | کوردستان پرێس,English,Other,200,discovered,General,,2026-02-12 14:58:43
https://kurdistanradio.com,kurdistanradio.com,kurdistanradio.com - This website is for sale! - Kurdistan Resources and Information.,English,Other,200,variation,TV & Radio,SSL warning,2026-02-12 15:06:12
https://kurdistanradio.org,kurdistanradio.org,Kurdistan Radio,English,Other,200,variation,TV & Radio,SSL warning,2026-02-12 15:06:13
https://kurdistansite.com,kurdistansite.com,8868在线官网登录入口(官方)网站/网页版登录入口2025最新版,Turkish,Other,200,variation,General,SSL warning,2026-02-12 15:06:13
https://kurdistanstore.com,kurdistanstore.com,KurdistanStore.com is for sale | HugeDomains,English,Other,200,variation,E-Commerce,,2026-02-12 15:16:27
https://kurdistantimes.com,kurdistantimes.com,,Unknown,Other,200,variation,General,,2026-02-12 15:06:13
https://kurdistantoday.com,kurdistantoday.com,,Unknown,Other,200,variation,General,,2026-02-12 15:06:13
https://kurdistantravel.net,kurdistantravel.net,kurdistantravel.net - kurdistantravel Resources and Information.,English,Other,200,variation,Tourism,,2026-02-12 15:16:27
https://kurdistanweb.org,kurdistanweb.org,Kurdistanweb.Org - Rahasia Bermain Dengan Cerdas di Game Online,Turkish,Other,200,variation,General,SSL warning,2026-02-12 15:06:13
https://kurditech.com,kurditech.com,KurdITech - Learn Kurdish Language Online | AI-Powered Learning Platform,English,Other,200,variation,Technology,,2026-02-12 15:06:14
https://kurdlaw.com,kurdlaw.com,,Unknown,Other,200,discovered,General,,2026-02-12 14:58:43
https://kurdmarket.com,kurdmarket.com,KurdMarket.com is for sale | HugeDomains,English,Other,200,variation,E-Commerce,,2026-02-12 15:16:27
https://kurdmarket.net,kurdmarket.net,Curtain Order Management - Login,English,Other,200,variation,E-Commerce,,2026-02-12 15:16:27
https://kurdmax.com,kurdmax.com,Kurdmax - Kurdmax.com,English,Other,200,discovered,General,,2026-02-12 14:58:43
https://kurdmax.net,kurdmax.net,Kurdmax Media Network •,English,Other,200,discovered,General,,2026-02-12 14:58:43
https://kurdmax.tv/,kurdmax.tv,KurdMax : Kurdmax,English,Other,200,tv_channels,TV & Radio,KurdMax TV,2026-02-12T14:53:06Z
https://kurdmaxmusic.tv,kurdmaxmusic.tv,KurdMaxMusic : KurdMaxMusic,English,Other,200,discovered,General,,2026-02-12 14:58:43
https://kurdmaxshow.tv,kurdmaxshow.tv,KurdMaxShow : KurdMaxShow,English,Other,200,discovered,General,SSL warning,2026-02-12 14:58:43
https://kurdmedia.tv,kurdmedia.tv,KurdMedia.TV is for sale | HugeDomains,English,Other,200,discovered,General,SSL warning,2026-02-12 14:58:44
https://kurdnet.com/,kurdnet.com,kurdnet.com,English,Other,200,blogs,Blogs & Forums,KurdNet,2026-02-12T14:53:29Z
https://kurdnews.com,kurdnews.com,,Unknown,Other,200,variation,News & Media,SSL warning,2026-02-12 15:06:14
https://kurdnow.com,kurdnow.com,KurdNow.com is for sale | HugeDomains,English,Other,200,variation,General,,2026-02-12 15:06:14
https://kurdophone.com/,kurdophone.com,"Kurdophone | Music | Vienna, Austria",English,Other,200,cultural,Culture & Reference,Kurdophone,2026-02-12T14:53:19Z
https://kurdpost.net,kurdpost.net,,Unknown,Other,200,variation,General,,2026-02-12 15:06:14
https://kurdpost.org,kurdpost.org,,Unknown,Other,200,variation,General,,2026-02-12 15:06:14
https://kurds.net,kurds.net,,Unknown,Other,200,variation,General,,2026-02-12 15:06:15
https://kurds.org,kurds.org,,Unknown,Other,200,variation,General,SSL warning,2026-02-12 15:06:15
https://kurdsat.com,kurdsat.com,,Unknown,Other,200,discovered,General,SSL warning,2026-02-12 14:58:44
https://kurdshop.com,kurdshop.com,KurdShop.com is for sale | HugeDomains,English,Other,200,variation,E-Commerce,,2026-02-12 15:16:28
https://kurdshop.net,kurdshop.net,KURDSHOP,English,Other,200,discovered,General,,2026-02-12 14:58:45
https://kurdsite.com,kurdsite.com,KurdSite.com is for sale | HugeDomains,English,Other,200,variation,General,,2026-02-12 15:06:16
https://kurdsite.net,kurdsite.net,,Unknown,Other,200,variation,General,,2026-02-12 15:06:17
https://kurdsport.com,kurdsport.com,KurdSport.com is for sale | HugeDomains,English,Other,200,discovered,General,,2026-02-12 14:58:45
https://kurdtech.com,kurdtech.com,KURDTECH.COM | Strategic-Grade domain names for established businesses and funded startups,English,Other,200,discovered,General,,2026-02-12 14:58:45
https://kurdtech.net,kurdtech.net,کورد تک – دنیای تکنولوژي و فناوری اطلاعات,Persian,Other,200,discovered,General,,2026-02-12 14:58:45
https://kurdtoday.com,kurdtoday.com,KurdToday.com is for sale | HugeDomains,English,Other,200,variation,General,,2026-02-12 15:06:17
https://kurdtravel.com,kurdtravel.com,KurdTravel.com is for sale | HugeDomains,English,Other,200,variation,Tourism,,2026-02-12 15:16:29
https://kurduk.com,kurduk.com,Kurduk.com - Miscellaneous Domains for Sale - Buy Premium Diverse Domain Names | Domain for Sale. Call 888-694-6735.,English,Other,200,variation,General,,2026-02-12 15:06:18
https://kurdvoice.com,kurdvoice.com,,Unknown,Other,200,variation,General,,2026-02-12 15:06:18
https://kurdweb.com,kurdweb.com,Coming Soon,Unknown,Other,200,variation,General,,2026-02-12 15:06:18
https://kurdweb.net,kurdweb.net,kurdweb - IT & Software Solutions,English,Other,200,variation,General,,2026-02-12 15:06:18
https://kurdyouth.org,kurdyouth.org,,Unknown,Other,200,discovered,General,,2026-02-12 14:58:45
https://kurmanji.com,kurmanji.com,,Unknown,Other,200,variation,General,,2026-02-12 15:16:29
https://lalish.com,lalish.com,,Unknown,Other,200,discovered,General,,2026-02-12 14:58:45
https://lalish.net,lalish.net,,Unknown,Other,200,discovered,General,SSL warning,2026-02-12 14:58:46
https://language-preparatory-school.tiu.edu.iq,language-preparatory-school.tiu.edu.iq,Home - Language Preparatory School,English,Other,200,crawl,Education,,2026-02-12 15:06:18
https://law.tiu.edu.iq,law.tiu.edu.iq,Home - Law Faculty,English,Other,200,crawl,Education,,2026-02-12 15:06:18
https://lecture-notes.tiu.edu.iq,lecture-notes.tiu.edu.iq,Lecture Notes | TIU Lecture Notes,English,Other,200,crawl,Education,,2026-02-12 15:06:18
https://lib.cihanuniversity.edu.iq,lib.cihanuniversity.edu.iq,Library Management System | Cihan University-Erbil Library,English / Turkish,Other,200,crawl,Education,,2026-02-12 15:16:30
https://library.lfu.edu.krd,library.lfu.edu.krd,LFU - E-Library,English,Other,200,discovered,General,,2026-02-12 14:58:46
https://library.tiu.edu.iq,library.tiu.edu.iq,Home - TIU Library,English,Other,200,crawl,Education,,2026-02-12 15:06:19
https://lice.com,lice.com,Domain for sale,English,Other,200,variation,General,,2026-02-12 15:16:30
https://lice.net,lice.net,,Unknown,Other,200,variation,General,,2026-02-12 15:16:30
https://lms.araratpti.edu.krd,lms.araratpti.edu.krd,Home | Ararat PTI,English,Other,200,common_crawl,Education,,2026-02-12 15:06:19
https://lms.aynda.edu.krd,lms.aynda.edu.krd,Home | Aynda PTI,English,Other,200,crawl,Education,,2026-02-12 15:16:31
https://lms.hmu.edu.krd,lms.hmu.edu.krd,Login Page,English,Other,200,variation,Education,,2026-02-12 15:16:31
https://lms.soran.edu.iq,lms.soran.edu.iq,Soran University,English,Other,200,crawl,Education,,2026-02-12 15:06:19
https://lpsm.soran.edu.iq,lpsm.soran.edu.iq,Faculty of LPSM,English / Turkish,Other,200,crawl,Education,,2026-02-12 15:06:19
https://m3u8.kurditv.com,m3u8.kurditv.com,advanced-video-playhouse,English,Other,200,crawl,TV & Radio,,2026-02-12 15:16:31
https://mahabad.com,mahabad.com,,Unknown,Other,200,discovered,General,,2026-02-12 14:58:47
https://mahabad.net,mahabad.net,,Unknown,Other,200,discovered,General,,2026-02-12 14:58:47
https://makhmur.com,makhmur.com,Makhmur Handmade Bags,English,Other,200,variation,General,,2026-02-12 15:06:20
https://malakurdan-rojava.org,malakurdan-rojava.org,malakurdan-rojava.org,English,Other,200,crawl,General,,2026-02-12 15:16:31
https://malakurdan.nl,malakurdan.nl,malakurdan,English,Other,200,crawl,General,,2026-02-12 15:06:20
https://malakurdan.org,malakurdan.org,Home - Mala Kurdan,English,Other,200,discovered,General,,2026-02-12 14:58:47
https://malatya.org,malatya.org,Malatya,Turkish,Other,200,variation,General,,2026-02-12 15:06:21
https://malatyanews.com,malatyanews.com,Malatya News I Malatya Haber,Turkish,Other,200,variation,News & Media,SSL warning,2026-02-12 15:16:31
https://malatyaonline.com,malatyaonline.com,malatyaonline.com - This website is for sale! - malatyaonline Resources and Information.,English,Other,200,variation,General,,2026-02-12 15:06:21
https://malpera.me,malpera.me,Kurdish Culture,English,Other,200,discovered,General,,2026-02-12 14:58:48
https://mardin.com,mardin.com,,Unknown,Other,200,variation,General,,2026-02-12 15:06:22
https://mardin.org,mardin.org,,Unknown,Other,200,variation,General,,2026-02-12 15:06:22
https://marivan.com,marivan.com,marivan.com,English,Other,200,variation,General,,2026-02-12 15:16:32
https://master-program.tiu.edu.iq,master-program.tiu.edu.iq,Home - TIU University,English,Other,200,crawl,Education,,2026-02-12 15:16:32
https://mathfest.uoh.edu.iq,mathfest.uoh.edu.iq,UoH-Math Fest,English / Turkish,Other,200,crawl,Education,,2026-02-12 15:16:32
https://mazgirt.com,mazgirt.com,Mazgirt.com is for sale | HugeDomains,English,Other,200,variation,General,,2026-02-12 15:16:33
https://medyanews.com/,medyanews.com,MedyaNews.com is for sale | HugeDomains,English,Other,200,known_media,News & Media,Medya News,2026-02-12T14:52:51Z
https://mergasor.com,mergasor.com,Mergasor Free Support - Your Community Hub,English,Other,200,variation,General,,2026-02-12 15:06:22
https://miandoab.com,miandoab.com,,Unknown,Other,200,variation,General,,2026-02-12 15:06:23
https://miandoab.net,miandoab.net,دکتر بهروز ثروتيان درگذشت,English,Other,200,variation,General,,2026-02-12 15:06:23
https://midyat.info,midyat.info,Midyat - Informations en France et dans le monde,English,Other,200,variation,General,,2026-02-12 15:16:33
https://mis.epu.edu.iq,mis.epu.edu.iq,Internationalization of Higher Education,Unknown,Other,200,crawl,Education,,2026-02-12 15:06:23
https://moodle.epu.edu.iq,moodle.epu.edu.iq,Erbil Polytechnic University,English,Other,200,crawl,Education,,2026-02-12 15:06:24
https://moodle.ukh.edu.krd,moodle.ukh.edu.krd,Log in to the site | UKH,English,Other,200,variation,Education,,2026-02-12 15:16:34
https://musmedia.net,musmedia.net,,English,Other,200,variation,News & Media,,2026-02-12 15:06:24
https://musnews.com,musnews.com,MusNews.com is for sale | HugeDomains,English,Other,200,variation,News & Media,,2026-02-12 15:06:25
https://musonline.com,musonline.com,"MusOnline – Berita Musik, Artis & Hiburan Terkini",Turkish,Other,200,variation,General,,2026-02-12 15:06:27
https://mutki.com,mutki.com,Mutki.com is for sale | HugeDomains,English,Other,200,variation,General,,2026-02-12 15:16:35
https://my.komar.edu.iq,my.komar.edu.iq,MyKomar,Unknown,Other,200,crawl,Education,,2026-02-12 15:06:28
https://nardin.com,nardin.com,Home,Unknown,Other,200,variation,General,,2026-02-12 15:16:36
https://nardin.io,nardin.io,Bravo ! Votre domaine nardin.io a bien Ã©tÃ© crÃ©Ã© avec LWS !,English,Other,200,variation,General,,2026-02-12 15:16:36
https://nardin.net,nardin.net,,Unknown,Other,200,variation,General,,2026-02-12 15:16:36
https://nardin.xyz,nardin.xyz,,Unknown,Other,200,variation,General,,2026-02-12 15:16:36
https://nardingroup.com,nardingroup.com,,Unknown,Other,200,variation,General,,2026-02-12 15:16:36
https://nawamedia.com/,nawamedia.com,,Unknown,Other,200,radio_stations,TV & Radio,Nawa Media,2026-02-12T14:53:07Z
https://nefel.com/,nefel.com,nefel.com for sale | Spaceship.com,English,Other,200,blogs,Blogs & Forums,Nefel,2026-02-12T14:53:31Z
https://nefeltech.com,nefeltech.com,Loja online de NefelTech,English,Other,200,variation,Technology,,2026-02-12 15:16:36
https://newroztv.com,newroztv.com,NewRozTV.com is for sale | HugeDomains,English,Other,200,variation,TV & Radio,,2026-02-12 15:06:28
https://nice.tiu.edu.iq,nice.tiu.edu.iq,NICE Home TIU - National Innovation Competition in Engineering,English,Other,200,crawl,Education,,2026-02-12 15:16:37
https://nrt.tv/,nrt.tv,,Unknown,Other,200,tv_channels,TV & Radio,NRT TV,2026-02-12T14:53:06Z
https://nuce.com,nuce.com,nuce.com,Unknown,Other,200,variation,News & Media,,2026-02-12 15:06:29
https://nuce.io,nuce.io,,Unknown,Other,200,discovered,General,SSL warning,2026-02-12 14:58:48
https://nuce.me,nuce.me,Index of /,Unknown,Other,200,discovered,General,SSL warning,2026-02-12 14:58:48
https://nuce.org,nuce.org,nuce.org - This website is for sale! - nuce Resources and Information.,English,Other,200,discovered,General,,2026-02-12 14:58:48
https://nuce.xyz,nuce.xyz,,Unknown,Other,200,variation,News & Media,,2026-02-12 15:06:29
https://nuceciwan.org,nuceciwan.org,,Unknown,Other,202,discovered,General,,2026-02-12 14:58:48
https://nursing.tiu.edu.iq,nursing.tiu.edu.iq,Home - Nursing Facuty,English,Other,200,crawl,Education,,2026-02-12 15:06:30
https://nusaybin.com,nusaybin.com,,Unknown,Other,200,variation,General,,2026-02-12 15:06:30
https://nusaybintv.com,nusaybintv.com,Nusaybin Haberleri | Son Dakika - Nusaybin TV,Turkish,Other,200,variation,TV & Radio,,2026-02-12 15:06:30
https://oldalumni.hmu.edu.krd,oldalumni.hmu.edu.krd,HMU Alumni – Hawler Medical University Alumni official website,English,Other,200,discovered,General,,2026-02-12 14:58:49
https://oshnavieh.com,oshnavieh.com,,Unknown,Other,200,variation,General,,2026-02-12 15:06:30
https://ovacik.net,ovacik.net,,Unknown,Other,200,variation,General,,2026-02-12 15:16:37
https://ovacik.org,ovacik.org,FunZone - The World's Most Interactive Entertainment Platform,English,Other,200,variation,General,,2026-02-12 15:16:37
https://ozalp.com,ozalp.com,Ozalp Corporation,English,Other,200,variation,General,SSL warning,2026-02-12 15:16:37
https://ozalponline.com,ozalponline.com,,Unknown,Other,200,variation,General,,2026-02-12 15:16:37
https://pa.azadiradio.com,pa.azadiradio.com,ازادي راډیو : کورپاڼه,Persian / English,Other,200,crawl,TV & Radio,,2026-02-12 15:16:38
https://pa.azadiradio.mobi,pa.azadiradio.mobi,ازادي راډیو : کورپاڼه,Persian / English,Other,200,crawl,TV & Radio,,2026-02-12 15:16:38
https://parhospital.org/,parhospital.org,Par Hospital Erbil,English,Other,200,health,Health,Par Hospital,2026-02-12T14:53:28Z
https://payam.com,payam.com,PAYAM,English,Other,200,variation,General,,2026-02-12 15:16:38
https://payam.io,payam.io,,Unknown,Other,200,variation,General,,2026-02-12 15:16:38
https://payam.org,payam.org,,Unknown,Other,200,variation,General,SSL warning,2026-02-12 15:16:38
https://payam.site,payam.site,,Unknown,Other,200,variation,General,,2026-02-12 15:16:39
https://payamblog.com,payamblog.com,Payam GhaderKourehpaz â Solution Architect & Senior Laravel/PHP Developer,English,Other,200,variation,Blogs & Forums,,2026-02-12 15:16:39
https://payamgroup.com,payamgroup.com,PayamGroup.com is for sale | HugeDomains,English,Other,200,variation,General,,2026-02-12 15:16:40
https://payamradio.com,payamradio.com,mamma,English,Other,200,variation,TV & Radio,,2026-02-12 15:16:40
https://payamshop.com,payamshop.com,"Sorry, the website has been stopped",Turkish,Other,200,variation,E-Commerce,,2026-02-12 15:16:40
https://payamtv.com,payamtv.com,PayamTv.com is for sale | HugeDomains,English,Other,200,discovered,General,,2026-02-12 14:58:49
https://payiz.xyz,payiz.xyz,,Unknown,Other,200,variation,General,,2026-02-12 15:16:40
https://payizfilm.com,payizfilm.com,payiz film,Turkish,Other,200,variation,Culture & Arts,,2026-02-12 15:16:40
https://pdk-iran.org/,pdk-iran.org,,Unknown,Other,200,political_parties,Political,PDK-Iran,2026-02-12T14:53:10Z
https://pdki.org/,pdki.org,Democratic Party of Iranian Kurdistan – PDKI,English,Other,200,political_parties,Political,PDKI,2026-02-12T14:53:10Z
https://pelemall.com/,pelemall.com,Pelemall - Fast Shopping and Shipping,English,Other,200,ecommerce,E-Commerce,Pelemall online mall,2026-02-12T14:53:22Z
https://penjwen.com,penjwen.com,Coming Soon,Unknown,Other,200,variation,General,,2026-02-12 15:06:31
https://pervari.com,pervari.com,Pervari.com is for sale | HugeDomains,English,Other,200,variation,General,,2026-02-12 15:16:40
https://peshmerga.com,peshmerga.com,Peshmerga LLC,English,Other,200,discovered,General,,2026-02-12 14:58:50
https://pharmacy.tiu.edu.iq,pharmacy.tiu.edu.iq,Home - Pharmacy Faculty TISHK INTERNATIONAL UNIVERSITY,English,Other,200,crawl,Education,,2026-02-12 15:06:31
https://pjak.org/,pjak.org,,Unknown,Other,200,political_parties,Political,PJAK,2026-02-12T14:53:11Z
https://pkkonline.com/,pkkonline.com,,Unknown,Other,200,political_parties,Political,PKK online,2026-02-12T14:53:12Z
https://pmb.institutkurde.org,pmb.institutkurde.org,PMB,Unknown,Other,200,crawl,General,,2026-02-12 15:06:31
https://portal.cue.edu.krd,portal.cue.edu.krd,Home | CUE,English,Other,200,crawl,Education,,2026-02-12 15:16:42
https://portal.koyauniversity.org,portal.koyauniversity.org,Koya University Portal,English / Turkish,Other,200,crawl,Education,,2026-02-12 15:06:31
https://pulumur.com,pulumur.com,,Unknown,Other,200,variation,General,,2026-02-12 15:16:42
https://pulumur.org,pulumur.org,"PÜLÜMÜR HABER – Yazılar, haberler ve daha fazlası…",Turkish,Other,200,variation,General,,2026-02-12 15:16:42
https://qa.cihanuniversity.edu.iq,qa.cihanuniversity.edu.iq,Quality Assurance – Cihan University – Erbil,English,Other,200,crawl,Education,,2026-02-12 15:16:42
https://qa.soran.edu.iq,qa.soran.edu.iq,Quality Assurance,English / Turkish,Other,200,crawl,Education,,2026-02-12 15:06:31
https://qad.uor.edu.krd,qad.uor.edu.krd,Quality Assurance Dir.,English / Turkish,Other,200,discovered,General,,2026-02-12 14:58:50
https://qaladze.com,qaladze.com,Qaladze.com is for sale | HugeDomains,English,Other,200,variation,General,,2026-02-12 15:16:42
https://qamishlo.com,qamishlo.com,Qamishlo.com is for sale | HugeDomains,English,Other,200,variation,General,,2026-02-12 15:06:31
https://quality-assurance.tiu.edu.iq,quality-assurance.tiu.edu.iq,Home - Quality Assurance,English,Other,200,crawl,Education,,2026-02-12 15:06:31
https://quran.kurditv.com,quran.kurditv.com,ØªØ±ØªÙÙ - Ø§ÙÙØ±Ø¢Ù Ø§ÙÙØ±ÙÙ | Ø§Ø³ØªÙØ§Ø¹Ø Ø¨Ø« ÙØ¨Ø§Ø´Ø±Ø ÙØªÙØ³ÙØ±,Arabic,Other,200,discovered,General,,2026-02-12 14:58:50
https://ranya.com,ranya.com,Redirecting...,English,Other,200,variation,General,,2026-02-12 15:06:32
https://raqqa.net,raqqa.net,,Unknown,Other,200,variation,General,,2026-02-12 15:06:32
https://reng.org,reng.org,,Unknown,Other,200,variation,General,,2026-02-12 15:16:42
https://rengin.org,rengin.org,,Unknown,Other,200,variation,General,,2026-02-12 15:16:42
https://rengmusic.com,rengmusic.com,RENG – Music Producer & DJ,Unknown,Other,200,variation,Culture & Arts,,2026-02-12 15:16:42
https://research-center.tiu.edu.iq,research-center.tiu.edu.iq,Research Center - Tishk Internatiional University,English,Other,200,crawl,Education,,2026-02-12 15:06:32
https://research.ukh.edu.krd,research.ukh.edu.krd,Login | Upcube - Admin & Dashboard Template,English,Other,200,variation,Education,,2026-02-12 15:16:42
https://rizgari.com,rizgari.com,,Unknown,Other,200,discovered,General,,2026-02-12 14:58:51
https://rizgari.net,rizgari.net,,Unknown,Other,200,discovered,General,,2026-02-12 14:58:51
https://roj.com,roj.com,Home | ROJ,English,Other,200,variation,General,,2026-02-12 15:06:32
https://roj.io,roj.io,,Unknown,Other,200,variation,General,,2026-02-12 15:06:33
https://roj.xyz,roj.xyz,,Unknown,Other,200,variation,General,,2026-02-12 15:06:33
https://rojava.com,rojava.com,Brizy #94 - rojava.com,English,Other,200,discovered,General,,2026-02-12 14:58:51
https://rojava.xyz,rojava.xyz,We Are Watching | Solidarity with Rojava,English,Other,200,variation,General,,2026-02-12 15:06:33
https://rojavatoday.com,rojavatoday.com,Placeholder - Antagonist,Unknown,Other,200,variation,General,,2026-02-12 15:06:33
https://rojfm.com,rojfm.com,RojFm.com is for sale | HugeDomains,English,Other,200,variation,TV & Radio,,2026-02-12 15:06:33
https://rojgroup.com,rojgroup.com,Roj Exports,English,Other,200,variation,General,,2026-02-12 15:16:43
https://rojhealth.com,rojhealth.com,,Unknown,Other,200,variation,Health,SSL warning,2026-02-12 15:16:44
https://rojhelat.org,rojhelat.org,Parked Domain name on Hostinger DNS system,English,Other,200,discovered,General,,2026-02-12 14:58:52
https://rojhelatnews.com,rojhelatnews.com,Rojhelat News,English,Other,200,variation,News & Media,SSL warning,2026-02-12 15:06:33
https://rojhelattimes.com,rojhelattimes.com,RojhelatTimes.com is for sale | HugeDomains,English,Other,200,variation,General,,2026-02-12 15:06:34
https://rojhelattimes.org,rojhelattimes.org,,Unknown,Other,200,variation,General,,2026-02-12 15:06:34
https://rojikurd.net,rojikurd.net,Roji Kurd ڕۆژی کورد | هه‌موو به‌یانییه‌ك ڕۆژی كورد له‌ ڕۆژهه‌ڵاته‌وه‌ هه‌ڵدێ,English,Other,200,crawl,General,,2026-02-12 15:06:34
https://rojinfo.com,rojinfo.com,Rojinfo | L'actualité libre pour une société libre,English,Other,200,variation,General,,2026-02-12 15:06:35
https://rojmarket.com,rojmarket.com,Sales Inquiry || rojmarket.com,English,Other,200,variation,E-Commerce,SSL warning,2026-02-12 15:16:44
https://rojmusic.net,rojmusic.net,Şarkı Sözleri,Turkish,Other,200,variation,Culture & Arts,SSL warning,2026-02-12 15:16:44
https://rojnet.com,rojnet.com,Account Suspended,Unknown,Other,200,variation,General,,2026-02-12 15:06:35
https://rojnews.com,rojnews.com,RojNews.com is for sale | HugeDomains,English,Other,200,discovered,General,,2026-02-12 14:58:52
https://rojtech.com,rojtech.com,RojTech.com is for sale | HugeDomains,English,Other,200,variation,Technology,,2026-02-12 15:16:44
https://rojtv.net,rojtv.net,,Unknown,Other,200,discovered,General,,2026-02-12 14:58:52
https://rojweb.com,rojweb.com,,Unknown,Other,200,variation,General,,2026-02-12 15:06:37
https://rsr.epu.edu.iq,rsr.epu.edu.iq,Research Registration and Accreditation,English,Other,200,crawl,Education,,2026-02-12 15:06:38
https://rudaw.media,rudaw.media,Rudaw,English,Other,200,discovered,General,,2026-02-12 14:58:52
https://rudaw.press,rudaw.press,Redirecting...,English,Other,200,discovered,General,,2026-02-12 14:58:52
https://saghez.com,saghez.com,,Unknown,Other,200,variation,General,,2026-02-12 15:06:38
https://sanandaj.net,sanandaj.net,Personal Website for Majed Mirzaie,English,Other,200,discovered,General,,2026-02-12 14:58:52
https://sanandaj.org,sanandaj.org,Personal Website for Majed Mirzaie,English,Other,200,variation,General,,2026-02-12 15:06:38
https://sanliurfatv.com,sanliurfatv.com,Şanlıurfa Tv - Güncel Urfa Haberleri || Urfa Haber - Şanlıurfa Haber - Şanlıurfa Haberleri - Urfadan Haberler Şanlıurfatv - Urfatv - Urfa Tv- Şanlıurfa Canlı Tv - Urfa tv Canlı /,Turkish,Other,200,variation,TV & Radio,,2026-02-12 15:16:44
https://saqqez.com,saqqez.com,,Unknown,Other,200,variation,General,,2026-02-12 15:16:44
https://sasun.com,sasun.com,,Unknown,Other,200,variation,General,,2026-02-12 15:16:44
https://sasun.info,sasun.info,KioskNet | Second Life kiosks,English,Other,200,variation,General,,2026-02-12 15:16:44
https://savur.com,savur.com,,Unknown,Other,200,variation,General,,2026-02-12 15:16:45
https://sci.soran.edu.iq,sci.soran.edu.iq,FACULTY OF SCIENCE,English / Turkish,Other,200,crawl,Education,,2026-02-12 15:06:39
https://semakurd.net,semakurd.net,semakurd.net,Arabic,Other,200,discovered,General,,2026-02-12 14:58:53
https://semelonline.com,semelonline.com,SEMEL Online LTD - ??? ??????? -,English,Other,200,variation,General,,2026-02-12 15:16:45
https://serhildan.org,serhildan.org,Accueil - SERHILDAN | Défendre la révolution du Kurdistan,English,Other,200,discovered,General,,2026-02-12 14:58:54
https://shafaq.info,shafaq.info,الصفحة الرئيسية - شفق لتطوير الاعمال,English / Arabic,Other,200,variation,General,,2026-02-12 15:16:46
https://shafaq.io,shafaq.io,Base44 APP,English,Other,200,variation,General,,2026-02-12 15:16:46
https://shafaq.net,shafaq.net,Modern Dining Experience - Discover an exquisite menu and inviting ambiance at Modern Dining Experience. Reserve your table today for an unforgettable meal.,English,Other,200,variation,General,,2026-02-12 15:16:46
https://shafaqgroup.com,shafaqgroup.com,"Shafaq Al Group United LLC, Oman",English,Other,200,variation,General,,2026-02-12 15:16:46
https://shafaqpost.com,shafaqpost.com,home - Senangslot Link Daftar Situs Game Online Terbaik Dan Terlengkap,English,Other,200,variation,General,,2026-02-12 15:16:47
https://shafaqtech.com,shafaqtech.com,,Unknown,Other,200,variation,Technology,,2026-02-12 15:16:47
https://shafaqtech.net,shafaqtech.net,Shafaq Tech,English,Other,200,variation,Technology,,2026-02-12 15:16:48
https://shamal.io,shamal.io,,Unknown,Other,200,variation,General,,2026-02-12 15:16:49
https://shamal.net,shamal.net,,Unknown,Other,200,variation,General,,2026-02-12 15:16:49
https://shamal.xyz,shamal.xyz,,Unknown,Other,200,variation,General,,2026-02-12 15:16:49
https://shamalgroup.net,shamalgroup.net,Default page,English,Other,200,variation,General,,2026-02-12 15:16:50
https://shamalmusic.com,shamalmusic.com,Shamal Music — Coming Soon,English,Other,200,variation,Culture & Arts,,2026-02-12 15:16:50
https://shamalpost.com,shamalpost.com,شركة الشمال,English,Other,200,variation,General,,2026-02-12 15:16:50
https://shaqlaw.com,shaqlaw.com,,Unknown,Other,200,variation,General,,2026-02-12 15:16:50
https://shaqlawa.com,shaqlawa.com,,Unknown,Other,200,variation,General,,2026-02-12 15:06:39
https://shar.io,shar.io,Porkbun Marketplace: The domain shar.io is for sale.,English,Other,200,variation,General,,2026-02-12 15:16:50
https://shar.media,shar.media,,Unknown,Other,200,variation,News & Media,,2026-02-12 15:16:51
https://shar.net,shar.net,,Unknown,Other,200,variation,General,,2026-02-12 15:16:51
https://shar.xyz,shar.xyz,Shar.xyz for sale | Spaceship.com,English,Other,200,variation,General,,2026-02-12 15:16:51
https://shargroup.com,shargroup.com,,Unknown,Other,200,variation,General,,2026-02-12 15:16:51
https://sharinfo.com,sharinfo.com,shaRinfo,English,Other,200,variation,General,,2026-02-12 15:16:52
https://sharmag.com,sharmag.com,,Unknown,Other,200,variation,General,,2026-02-12 15:16:52
https://sharmarket.com,sharmarket.com,,Unknown,Other,200,variation,E-Commerce,,2026-02-12 15:16:52
https://sharmusic.com,sharmusic.com,The Premier String Instruments Shop Online | Shar Music,English,Other,200,variation,Culture & Arts,,2026-02-12 15:16:52
https://sharmusic.net,sharmusic.net,Unlocking the Power of Music Therapy at Sharma Music,English,Other,200,variation,Culture & Arts,SSL warning,2026-02-12 15:16:52
https://sharnews.com,sharnews.com,mamma,English,Other,200,variation,News & Media,,2026-02-12 15:16:52
https://sharnow.com,sharnow.com,SharNow.com is for sale | HugeDomains,English,Other,200,variation,General,SSL warning,2026-02-12 15:16:52
https://sharonline.com,sharonline.com,SharonLine.com is for sale | HugeDomains,English,Other,200,variation,General,,2026-02-12 15:16:53
https://sharpress.com,sharpress.com,Redirecting...,English,Other,200,discovered,General,SSL warning,2026-02-12 14:58:54
https://sharshop.com,sharshop.com,,Unknown,Other,200,variation,E-Commerce,,2026-02-12 15:16:53
https://shartech.com,shartech.com,Shartech,Unknown,Other,200,variation,Technology,SSL warning,2026-02-12 15:16:53
https://shekhan.com,shekhan.com,Shekhan.com is for sale | HugeDomains,English,Other,200,variation,General,,2026-02-12 15:06:40
https://shekhan.net,shekhan.net,WordPress › Error,English,Other,200,variation,General,,2026-02-12 15:06:40
https://siirt.com,siirt.com,,Unknown,Other,200,variation,General,,2026-02-12 15:06:40
https://siirt.net,siirt.net,,Unknown,Other,200,variation,General,SSL warning,2026-02-12 15:06:40
https://siirtnews.com,siirtnews.com,siir - My WordPress Blog,English,Other,200,variation,News & Media,,2026-02-12 15:06:40
https://siirtpost.com,siirtpost.com,,Unknown,Other,200,variation,General,,2026-02-12 15:06:40
https://silopi.org,silopi.org,Redirecting...,English,Other,200,variation,General,,2026-02-12 15:16:54
https://silvan.net,silvan.net,silvan.net - This website is for sale! - Silvan Resources and Information.,English,Other,200,variation,General,SSL warning,2026-02-12 15:16:54
https://silvannews.com,silvannews.com,Silvan News- Home of Diverse Stories | Homepage,English,Other,200,variation,News & Media,SSL warning,2026-02-12 15:16:55
https://silvanonline.net,silvanonline.net,,Unknown,Other,200,variation,General,,2026-02-12 15:16:55
https://simele.com,simele.com,,Unknown,Other,200,variation,General,,2026-02-12 15:16:55
https://sinaahmadi.github.io/,sinaahmadi.github.io,Welcome to Sina Ahmadi's Personal Page · Sina Ahmadi's Personal Page,English,Other,200,cultural,Culture & Reference,Sina Ahmadi Kurdish NLP research,2026-02-12T14:53:20Z
https://sine.net,sine.net,,Unknown,Other,200,variation,General,,2026-02-12 15:06:40
https://sine.org,sine.org,SIGN | Music Festival & Conference 2026,English,Other,200,variation,General,,2026-02-12 15:06:40
https://sinenews.com,sinenews.com,sinenews- No.1 Nepal News Portal,English,Other,200,variation,News & Media,,2026-02-12 15:06:40
https://sineonline.com,sineonline.com,SineOnline.com is for sale | HugeDomains,English,Other,200,variation,General,,2026-02-12 15:06:41
https://sinepost.com,sinepost.com,,Unknown,Other,200,variation,General,,2026-02-12 15:06:42
https://sirnak.com,sirnak.com,,Unknown,Other,200,variation,General,,2026-02-12 15:06:42
https://sis.soran.edu.iq,sis.soran.edu.iq,Soran University,Arabic,Other,200,crawl,Education,,2026-02-12 15:06:42
https://siverek.com,siverek.com,,Unknown,Other,200,variation,General,SSL warning,2026-02-12 15:16:55
https://siverek.org,siverek.org,,Unknown,Other,200,variation,General,,2026-02-12 15:16:55
https://solhan.com,solhan.com,,Unknown,Other,200,variation,General,,2026-02-12 15:16:55
https://solhan.org,solhan.org,Solhan İlçesi | Bingöl'ün Doğa Harikası,Turkish,Other,200,variation,General,,2026-02-12 15:16:55
https://sonqor.com,sonqor.com,,Unknown,Other,200,variation,General,,2026-02-12 15:16:55
https://soran.com,soran.com,Our Mission - Soran Inc.,English,Other,200,variation,General,SSL warning,2026-02-12 15:06:42
https://sorani.online,sorani.online,Betcio En Güvenilir Bahis ve Casino Sitesi - Betcio.com,English,Other,200,variation,General,,2026-02-12 15:16:56
https://soranonline.com,soranonline.com,,Turkish,Other,200,variation,General,,2026-02-12 15:06:42
https://sotkurdistan.net,sotkurdistan.net,صوت كوردستان,Arabic,Other,200,discovered,General,,2026-02-12 14:58:54
https://spartanews.com,spartanews.com,,Unknown,Other,200,variation,News & Media,SSL warning,2026-02-12 15:06:42
https://speda.com,speda.com,,Unknown,Other,200,discovered,General,,2026-02-12 14:58:55
https://speda.io,speda.io,SPEDA - Automating Data Extraction from Health Records,English,Other,200,discovered,General,,2026-02-12 14:58:55
https://spedahub.com,spedahub.com,Home - Spedahub Cafe,English,Other,200,variation,General,,2026-02-12 15:16:56
https://spee.io,spee.io,,Unknown,Other,200,discovered,General,,2026-02-12 14:58:56
https://spee.me,spee.me,,Unknown,Other,200,discovered,General,,2026-02-12 14:58:57
https://spee.net,spee.net,spee.net,English,Other,200,discovered,General,,2026-02-12 14:58:57
https://spee.tv,spee.tv,spee.tv,English,Other,200,discovered,General,,2026-02-12 14:58:57
https://spu.edu.iq,spu.edu.iq,,Unknown,Other,200,variation,Education,,2026-02-12 15:06:43
https://staff.lfu.edu.krd,staff.lfu.edu.krd,LFU Academic Staff,Unknown,Other,200,discovered,General,,2026-02-12 14:58:57
https://staff.soran.edu.iq,staff.soran.edu.iq,Staff,English,Other,200,crawl,Education,,2026-02-12 15:06:43
https://submit.auas.edu.krd,submit.auas.edu.krd,AUAS Staff Portal Form,English,Other,200,crawl,Education,,2026-02-12 15:16:56
https://sul.tiu.edu.iq,sul.tiu.edu.iq,Tishk International University Sulaimani - TIU Sulimani - Ishik University slemani,English,Other,200,crawl,Education,,2026-02-12 15:06:43
https://sulaymani.net,sulaymani.net,الشيخ أبو الحسن السليماني المأربي – موقع فضيلة الشيخ أبي الحسن مصطفى السليماني,Arabic,Other,200,variation,General,,2026-02-12 15:16:56
https://sulaymaniyah.net,sulaymaniyah.net,,Unknown,Other,200,variation,General,SSL warning,2026-02-12 15:16:56
https://suli-lecture-notes.tiu.edu.iq,suli-lecture-notes.tiu.edu.iq,Lecture Notes - TIU - Lecture Notes,English,Other,200,crawl,Education,,2026-02-12 15:16:57
https://surmedia.com,surmedia.com,surmedia.com - This website is for sale! - surmedia Resources and Information.,English,Other,200,variation,News & Media,,2026-02-12 15:16:57
https://surmedia.net,surmedia.net,,Unknown,Other,200,variation,News & Media,,2026-02-12 15:16:58
https://surnews.com,surnews.com,SurNews.com is for sale | HugeDomains,English,Other,200,variation,News & Media,,2026-02-12 15:16:58
https://suronline.com,suronline.com,SurOnline.com is for sale | HugeDomains,English,Other,200,variation,General,,2026-02-12 15:16:58
https://suronline.net,suronline.net,Sur On Line,Unknown,Other,200,variation,General,,2026-02-12 15:16:58
https://surpost.com,surpost.com,Home - Surpost - Voor al uw lucht- en zeevracht diensten,Turkish,Other,200,variation,General,,2026-02-12 15:16:58
https://surpress.com,surpress.com,surpress.com - This website is for sale! - surpress suppress Resources and Information.,English,Other,200,variation,News & Media,,2026-02-12 15:16:59
https://surtoday.com,surtoday.com,财神捕鱼官方网站 | 财神捕鱼游戏,Unknown,Other,200,variation,General,,2026-02-12 15:16:59
https://surtv.com,surtv.com,SurTv.com is for sale | HugeDomains,English,Other,200,variation,TV & Radio,,2026-02-12 15:16:59
https://tabqa.net,tabqa.net,الإدارة الذاتية الديمقراطية لمقاطعة الطبقة,Arabic,Other,200,variation,General,,2026-02-12 15:06:43
https://tevdem.org/,tevdem.org,,Unknown,Other,200,government,Government,TEV-DEM,2026-02-12T14:53:09Z
https://thekurdistani.com,thekurdistani.com,PM77TOTO |✈️ Game Online Deposit Pulsa Tanpa Potongan 2025,English,Other,200,discovered,General,,2026-02-12 14:58:58
https://thesis.uoh.edu.iq,thesis.uoh.edu.iq,,English,Other,200,crawl,Education,,2026-02-12 15:16:59
https://tishk.com,tishk.com,Tishk Shoes,English,Other,200,discovered,General,,2026-02-12 14:58:58
https://tishk.net,tishk.net,,Unknown,Other,200,discovered,General,,2026-02-12 14:58:58
https://tishk.org,tishk.org,TISHK Center for Kurdistan Studies,English,Other,200,discovered,General,,2026-02-12 14:58:58
https://tishkgroup.com,tishkgroup.com,,Unknown,Other,200,variation,General,,2026-02-12 15:16:59
https://tishkgroup.net,tishkgroup.net,"Engineering, Construction & Development | Tishk Group",English,Other,200,variation,General,,2026-02-12 15:17:00
https://tishktv.com,tishktv.com,TishkTv.com is for sale | HugeDomains,English,Other,200,variation,TV & Radio,,2026-02-12 15:17:01
https://tiu.edu.iq/,tiu.edu.iq,Tishk International University TIU - previously Known As Ishik University,English,Other,200,universities,Education,Tishk International University,2026-02-12T14:53:15Z
https://tunceli.org,tunceli.org,"PÜLÜMÜR HABER – Yazılar, haberler ve daha fazlası…",Turkish,Other,200,variation,General,,2026-02-12 15:06:43
https://tuncelitv.com,tuncelitv.com,Site em ManutenÃ§Ã£o,Unknown,Other,200,variation,TV & Radio,,2026-02-12 15:06:43
https://uhd.edu.iq/,uhd.edu.iq,Home Page | UHD,English,Other,200,universities,Education,University of Human Development,2026-02-12T14:53:14Z
https://ums.lfu.edu.krd,ums.lfu.edu.krd,- LFU,Unknown,Other,200,discovered,General,,2026-02-12 14:58:58
https://unicdc.soran.edu.iq,unicdc.soran.edu.iq,CDC SORAN UNIVERSTY,English,Other,200,crawl,Education,,2026-02-12 15:06:44
https://uoh.edu.iq,uoh.edu.iq,University of Halabja – UoH,English,Other,200,variation,Education,,2026-02-12 15:06:44
https://uor.edu.krd/,uor.edu.krd,University of Raparin – UoR,English,Other,200,universities,Education,University of Raparin,2026-02-12T14:53:15Z
https://urfa.com,urfa.com,Urfa Son Dakika Haberleri | Urfa.com Güncel Haber,Turkish,Other,200,variation,General,SSL warning,2026-02-12 15:06:44
https://urfa.info,urfa.info,,Unknown,Other,200,variation,General,,2026-02-12 15:06:44
https://urfa.net,urfa.net,Urfa.net,English / Turkish,Other,200,variation,General,,2026-02-12 15:06:45
https://urfanews.com,urfanews.com,"Şanlıurfa Haberleri, Son Dakika Urfa Gelişmeleri ve Taziyeler",Turkish,Other,200,variation,News & Media,,2026-02-12 15:06:45
https://urfatv.com,urfatv.com,"Mu88 - Trang chủ đăng ký, đăng nhập Mu88.com 2025",Unknown,Other,200,variation,TV & Radio,,2026-02-12 15:17:01
https://van.org,van.org,Vocal Area Network: New York's home for vocal ensemble music,English,Other,200,variation,General,,2026-02-12 15:06:46
https://vanpost.com,vanpost.com,VanPost.com is for sale | HugeDomains,English,Other,200,variation,General,,2026-02-12 15:06:46
https://vantv.com,vantv.com,VANTV.COM  MAY BE FOR SALE,English,Other,200,variation,TV & Radio,,2026-02-12 15:06:47
https://varto.net,varto.net,Index of /,Unknown,Other,200,variation,Culture & Arts,,2026-02-12 15:17:01
https://vendpress.com,vendpress.com,,Unknown,Other,200,variation,News & Media,SSL warning,2026-02-12 15:06:47
https://vimfoundation.krd,vimfoundation.krd,Home - Vim Foundation,English,Other,200,crawl,General,,2026-02-12 15:17:03
https://vintv.com,vintv.com,VINtv,English,Other,200,discovered,General,,2026-02-12 14:58:59
https://viransehir.com,viransehir.com,,Unknown,Other,200,variation,General,,2026-02-12 15:17:03
https://viransehir.net,viransehir.net,MEB-AGS | Akıllı Sınav Hazırlık Platformu,Turkish,Other,200,variation,General,,2026-02-12 15:17:03
https://visitduhok.com,visitduhok.com,visitduhok.com,English,Other,200,variation,Tourism,,2026-02-12 15:06:48
https://visiterbil.com,visiterbil.com,My Blog – My WordPress Blog,English,Other,200,variation,Tourism,,2026-02-12 15:06:48
https://waar.tv/,waar.tv,,Unknown,Other,200,tv_channels,TV & Radio,Waar TV,2026-02-12T14:53:07Z
https://warvin.com,warvin.com,Warvin.com is for sale | HugeDomains,English,Other,200,variation,General,,2026-02-12 15:17:03
https://warvin.org/,warvin.org,The Largest Banks - ​​How to Transfer Money With Only Card Number and CVV (2026),English,Other,200,ngo,NGO & Human Rights,Warvin Organization,2026-02-12T14:53:27Z
https://web.tiu.edu.iq,web.tiu.edu.iq,Home - Law Faculty,English,Other,200,crawl,Education,,2026-02-12 15:17:03
https://welat.me,welat.me,,Unknown,Other,200,variation,General,,2026-02-12 15:06:48
https://workshops.tiu.edu.iq,workshops.tiu.edu.iq,Home - Workshops,English,Other,200,crawl,Education,,2026-02-12 15:06:50
https://xebatmedia.com,xebatmedia.com,,Unknown,Other,200,variation,News & Media,,2026-02-12 15:06:50
https://yezidi.com,yezidi.com,yezidi.com,English,Other,200,discovered,General,,2026-02-12 14:58:59
https://yezidi.net,yezidi.net,Yezidi,English,Other,200,discovered,General,,2026-02-12 14:58:59
https://yuksekova.com,yuksekova.com,,Unknown,Other,200,variation,General,,2026-02-12 15:17:06
https://yuksekova.org,yuksekova.org,,Unknown,Other,200,variation,General,,2026-02-12 15:17:06
https://yxkonline.com/,yxkonline.com,Togel88 >> Live Prediksi Keluaran Angka Toto Paling Viral 2025!,Unknown,Other,200,diaspora,Diaspora,YXK Online,2026-02-12T14:53:23Z
https://zagros.online,zagros.online,TOGOGYM ZAGROS,Unknown,Other,200,variation,General,,2026-02-12 15:17:06
https://zagrosfilm.com,zagrosfilm.com,Zagros Film,English,Other,200,variation,Culture & Arts,,2026-02-12 15:17:07
https://zagrosgroup.com,zagrosgroup.com,ZagrosGroup.com is for sale | HugeDomains,English,Other,200,variation,General,,2026-02-12 15:17:07
https://zagrosmedia.net,zagrosmedia.net,Account Suspended,Unknown,Other,200,variation,News & Media,,2026-02-12 15:17:07
https://zagrosnet.com,zagrosnet.com,ZagrosNet.com is for sale | HugeDomains,English,Other,200,variation,General,,2026-02-12 15:17:08
https://zagrosnews.com,zagrosnews.com,zagrosnews.com - zagrosnews Resources and Information.,English,Other,200,variation,News & Media,,2026-02-12 15:17:08
https://zagrosnews.net,zagrosnews.net,الرئيسية | زاكروس عربية,Arabic,Other,200,variation,News & Media,,2026-02-12 15:17:08
https://zagrosonline.com,zagrosonline.com,,Unknown,Other,200,variation,General,,2026-02-12 15:17:08
https://zagrossport.com,zagrossport.com,زاگرس اسپرت | فروشگاه لوازم کوهنوردی، کمپینگ و طبیعت گردی,Persian,Other,200,variation,Sports,,2026-02-12 15:17:08
https://zagrostv.com,zagrostv.com,ZagrosTv.com is for sale | HugeDomains,English,Other,200,discovered,General,,2026-02-12 14:58:59
https://zakho.net,zakho.net,,Unknown,Other,200,variation,General,,2026-02-12 15:06:51
https://zanist.xyz,zanist.xyz,Zanist - Explore the Frontiers of Science,English,Other,200,variation,General,,2026-02-12 15:06:51
https://zanko.com,zanko.com,,Unknown,Other,200,discovered,General,,2026-02-12 14:59:00
https://zanko.net,zanko.net,,Unknown,Other,200,discovered,General,,2026-02-12 14:59:00
https://zanko.org,zanko.org,Redirecting...,English,Other,200,discovered,General,,2026-02-12 14:59:00
https://zankolms.auas.edu.krd,zankolms.auas.edu.krd,Zanko LMS - Learning Management System,English,Other,200,crawl,Education,,2026-02-12 15:17:09
https://zaxo.com,zaxo.com,zaxo.com - Zaxo Resources and Information.,English,Other,200,variation,General,,2026-02-12 15:06:51
https://zaxo.net,zaxo.net,,Unknown,Other,200,variation,General,,2026-02-12 15:06:51
https://zaxotv.com,zaxotv.com,,Unknown,Other,200,variation,TV & Radio,,2026-02-12 15:06:51
https://zaza.com,zaza.com,,English,Other,200,discovered,General,,2026-02-12 14:59:00
https://zaza.info,zaza.info,Zaza Casino — official site - My Blog,English,Other,200,discovered,General,,2026-02-12 14:59:00
https://zaza.media,zaza.media,,Unknown,Other,200,discovered,General,SSL warning,2026-02-12 14:59:00
https://zaza.org,zaza.org,,Unknown,Other,200,discovered,General,,2026-02-12 14:59:00
https://zaza.press,zaza.press,,Unknown,Other,200,discovered,General,,2026-02-12 14:59:01
https://zazaki.net,zazaki.net,Zazaki.Net,Turkish / ZZA (Zazaki) / English,ZZA (Zazaki),200,discovered,General,SSL warning,2026-02-12 14:59:01
